ts,BiasNHWCKernel,SALU,SALUInsts,1.0
ts,BiasNHWCKernel,ALU,SFetchInsts,1.0
ts,BiasNHWCKernel,TCC,TCC_MISS_std,1.0
ts,CwiseFusedMulAdd2Kernel,VALU,VALUUtilization,1.0
ts,CwiseFusedMulAddKernel,VALU,VALUUtilization,1.0
ts,EigenMetaKernel,ALU,SFetchInsts,1.0
ts,EigenMetaKernel,VALU,VALUInsts,0.35911752757986937
ts,EigenMetaKernel,VALU,VALUUtilization,1.0
ts,FillPhiloxRandomKernelLaunch,STALL,MemUnitStalled,1.0
ts,FillPhiloxRandomKernelLaunch,TCC,TCC_MISS_std,1.0
ts,FillPhiloxRandomKernelLaunch,TCC,TCC_MISS_sum,0.8882464389298981
ts,SplitOpKernel,SALU,SALUInsts,1.0
ts,SplitOpKernel,ALU,SFetchInsts,1.0
ts,__amd_rocclr_copyBuffer.kd,SALU,SQ_INST_CYCLES_SALU,1.0
ts,__amd_rocclr_copyBuffer.kd,EA,TCC_EA_RDREQ_sum,1.0
ts,__amd_rocclr_copyBuffer.kd,TCC,TCC_EA_RDREQ_std,1.0
ts,__amd_rocclr_fillBuffer.kd,FLAT,FlatVMemInsts,1.0
ts,__amd_rocclr_fillBuffer.kd,SALU,SALUInsts,1.0
ts,__amd_rocclr_fillBuffer.kd,VALU,VALUInsts,1.0
ts,__amd_rocclr_fillBuffer.kd,TCC,TCC_EA_WRREQ_64B_std,1.0
ts,__amd_rocclr_fillBuffer.kd,FLAT,FlatVMemInsts,1.0
ts,__amd_rocclr_fillBuffer.kd,FLAT,SQ_INSTS_FLAT,0.4868676800684125
ts,__amd_rocclr_fillBuffer.kd,STALL,TCP_TCP_TA_DATA_STALL_CYCLES_std,1.0
ts,__amd_rocclr_fillBuffer.kd,VALU,SQ_ACTIVE_INST_VALU,1.0
ts,__amd_rocclr_fillBuffer.kd,VMEM,SQ_INSTS_VMEM_WR,1.0
ts,__amd_rocclr_fillBuffer.kd,EA,TCC_EA_WRREQ_64B_sum,1.0
ts,__amd_rocclr_fillBuffer.kd,TA,TA_BUSY_avr,1.0
ts,__amd_rocclr_fillBuffer.kd,TCC,TCC_EA_WRREQ_std,0.9529117561737919
ts,__amd_rocclr_fillBuffer.kd,TCC,TCC_MISS_std,0.9465861429887235
ts,__amd_rocclr_fillBuffer.kd,TCC,TCC_MISS_sum,1.0
ts,__amd_rocclr_fillBuffer.kd,FLAT,TA_FLAT_WRITE_WAVEFRONTS_std,1.0
ts,__amd_rocclr_fillBuffer.kd,SALU,SALUInsts,1.0
ts,__amd_rocclr_fillBuffer.kd,SALU,SQ_INST_CYCLES_SALU,0.6567836138185678
ts,__amd_rocclr_fillBuffer.kd,VALU,SQ_ACTIVE_INST_VALU,1.0
ts,__amd_rocclr_fillBuffer.kd,VALU,SQ_INSTS_VALU,0.9998117583324779
ts,__amd_rocclr_fillBuffer.kd,EA,SQ_THREAD_CYCLES_VALU,0.8316529924613385
ts,__amd_rocclr_fillBuffer.kd,EA,TCC_EA_RDREQ_sum,1.0
ts,__amd_rocclr_fillBuffer.kd,TA,TA_FLAT_WRITE_WAVEFRONTS_sum,1.0
ts,__amd_rocclr_fillBuffer.kd,TA,TA_TA_BUSY_std,0.7992115569787704
ts,__amd_rocclr_fillBuffer.kd,TCC,TCC_EA_RDREQ_std,1.0
ts,__amd_rocclr_fillBuffer.kd,FLAT,TA_FLAT_WRITE_WAVEFRONTS_std,1.0
ts,__amd_rocclr_fillBuffer.kd,STALL,TCP_TCP_TA_DATA_STALL_CYCLES_std,1.0
ts,__amd_rocclr_fillBuffer.kd,SALU,SQ_INSTS_SALU,1.0
ts,__amd_rocclr_fillBuffer.kd,ALU,SFetchInsts,1.0
ts,__amd_rocclr_fillBuffer.kd,VALU,SQ_INSTS_VALU,1.0
ts,__amd_rocclr_fillBuffer.kd,VMEM,SQ_INSTS_VMEM_WR,1.0
ts,__amd_rocclr_fillBuffer.kd,EA,TCC_EA_WRREQ_sum,1.0
ts,__amd_rocclr_fillBuffer.kd,TCC,TCC_MISS_sum,1.0
ts,__amd_rocclr_fillBuffer.kd,FLAT,TA_FLAT_WRITE_WAVEFRONTS_std,1.0
ts,__amd_rocclr_fillBuffer.kd,STALL,MemUnitStalled,1.0
ts,__amd_rocclr_fillBuffer.kd,VMEM,SQ_INSTS_VMEM_WR,1.0
ts,__amd_rocclr_fillBuffer.kd,EA,TCC_EA_WRREQ_sum,1.0
ts,__amd_rocclr_fillBuffer.kd,TA,TA_BUSY_avr,0.942056275286702
ts,__amd_rocclr_fillBuffer.kd,TA,TA_BUSY_max,1.0
ts,__amd_rocclr_fillBuffer.kd,TA,TA_FLAT_WRITE_WAVEFRONTS_sum,0.9919886762718406
ts,__amd_rocclr_fillBuffer.kd,TCC,TCC_EA_WRREQ_std,0.9997687840976839
ts,__amd_rocclr_fillBuffer.kd,TCC,TCC_MISS_std,1.0
ts,__amd_rocclr_fillBuffer.kd,FLAT,FlatVMemInsts,1.0
ts,__amd_rocclr_fillBuffer.kd,SALU,SQ_INSTS_SALU,1.0
ts,__amd_rocclr_fillBuffer.kd,VALU,SQ_ACTIVE_INST_VALU,0.4902008100969935
ts,__amd_rocclr_fillBuffer.kd,VALU,SQ_INSTS_VALU,0.49004086753211845
ts,__amd_rocclr_fillBuffer.kd,VALU,VALUInsts,1.0
ts,__amd_rocclr_fillBuffer.kd,EA,SQ_THREAD_CYCLES_VALU,0.725326588351836
ts,__amd_rocclr_fillBuffer.kd,EA,TCC_EA_RDREQ_sum,1.0
ts,__amd_rocclr_fillBuffer.kd,TA,TA_BUSY_avr,0.840492191853077
ts,__amd_rocclr_fillBuffer.kd,TA,TA_BUSY_max,1.0
ts,__amd_rocclr_fillBuffer.kd,TA,TA_TA_BUSY_std,0.6698968606765778
ts,__amd_rocclr_fillBuffer.kd,TCC,TCC_EA_RDREQ_std,0.8804522338725893
ts,__amd_rocclr_fillBuffer.kd,TCC,TCC_EA_WRREQ_std,0.9529117561737919
ts,__amd_rocclr_fillBuffer.kd,TCC,TCC_MISS_sum,1.0
ts,__amd_rocclr_fillBuffer.kd,FLAT,TA_FLAT_WRITE_WAVEFRONTS_std,1.0
ts,__amd_rocclr_fillBuffer.kd,STALL,MemUnitStalled,1.0
ts,__amd_rocclr_fillBuffer.kd,SALU,SALUInsts,1.0
ts,__amd_rocclr_fillBuffer.kd,SALU,SQ_INSTS_SALU,0.6567836138185678
ts,__amd_rocclr_fillBuffer.kd,EA,TCC_EA_RDREQ_sum,1.0
ts,__amd_rocclr_fillBuffer.kd,EA,TCC_EA_WRREQ_64B_sum,0.8386891902262378
ts,__amd_rocclr_fillBuffer.kd,TA,TA_BUSY_avr,0.942056275286702
ts,__amd_rocclr_fillBuffer.kd,TA,TA_BUSY_max,1.0
ts,__amd_rocclr_fillBuffer.kd,STALL,MemUnitStalled,1.0
ts,__amd_rocclr_fillBuffer.kd,EA,TCC_EA_WRREQ_sum,1.0
ts,__amd_rocclr_fillBuffer.kd,TA,TA_BUSY_max,1.0
ts,__amd_rocclr_fillBuffer.kd,TA,TA_FLAT_WRITE_WAVEFRONTS_sum,0.8571779477905733
ts,__amd_rocclr_fillBuffer.kd,TCC,TCC_EA_WRREQ_64B_std,1.0
ts,__amd_rocclr_fillBuffer.kd,TCC,TCC_EA_WRREQ_std,0.804219907843394
ts,__amd_rocclr_fillBuffer.kd,FLAT,SQ_INSTS_FLAT,1.0
ts,__amd_rocclr_fillBuffer.kd,FLAT,TA_FLAT_WRITE_WAVEFRONTS_std,0.8217747087762964
ts,__amd_rocclr_fillBuffer.kd,SALU,SQ_INST_CYCLES_SALU,1.0
ts,__amd_rocclr_fillBuffer.kd,ALU,SFetchInsts,1.0
ts,__amd_rocclr_fillBuffer.kd,VALU,SQ_ACTIVE_INST_VALU,0.6703600000888558
ts,__amd_rocclr_fillBuffer.kd,VALU,VALUUtilization,1.0
ts,__amd_rocclr_fillBuffer.kd,TA,TA_BUSY_avr,0.9496643437777961
ts,__amd_rocclr_fillBuffer.kd,TA,TA_FLAT_WRITE_WAVEFRONTS_sum,1.0
ts,__amd_rocclr_fillBuffer.kd,TCC,TCC_EA_RDREQ_std,1.0
ts,__amd_rocclr_fillBuffer.kd,FLAT,TA_FLAT_WRITE_WAVEFRONTS_std,1.0
ts,__amd_rocclr_fillBuffer.kd,SALU,SALUInsts,1.0
ts,__amd_rocclr_fillBuffer.kd,SALU,SQ_INST_CYCLES_SALU,0.4890307929523358
ts,__amd_rocclr_fillBuffer.kd,VALU,SQ_ACTIVE_INST_VALU,0.4902008100969935
ts,__amd_rocclr_fillBuffer.kd,VALU,VALUInsts,1.0
ts,__amd_rocclr_fillBuffer.kd,TCC,TCC_MISS_std,0.9465861429887235
ts,__amd_rocclr_fillBuffer.kd,TCC,TCC_MISS_sum,1.0
ts,__amd_rocclr_fillBuffer.kd,FLAT,FlatVMemInsts,1.0
ts,__amd_rocclr_fillBuffer.kd,FLAT,TA_FLAT_WRITE_WAVEFRONTS_std,0.5316093542987148
ts,__amd_rocclr_fillBuffer.kd,STALL,TCP_TCP_TA_DATA_STALL_CYCLES_std,1.0
ts,__amd_rocclr_fillBuffer.kd,SALU,SALUInsts,1.0
ts,__amd_rocclr_fillBuffer.kd,SALU,SQ_INSTS_SALU,0.6567836138185678
ts,__amd_rocclr_fillBuffer.kd,VALU,SQ_INSTS_VALU,0.6702338104045988
ts,__amd_rocclr_fillBuffer.kd,VALU,VALUUtilization,1.0
ts,__amd_rocclr_fillBuffer.kd,EA,SQ_THREAD_CYCLES_VALU,0.9916104823492464
ts,__amd_rocclr_fillBuffer.kd,EA,TCC_EA_WRREQ_64B_sum,1.0
ts,__amd_rocclr_fillBuffer.kd,TA,TA_BUSY_avr,0.9496643437777961
ts,__amd_rocclr_fillBuffer.kd,TA,TA_FLAT_WRITE_WAVEFRONTS_sum,1.0
ts,__amd_rocclr_fillBuffer.kd,TCC,TCC_EA_WRREQ_64B_std,1.0
ts,__amd_rocclr_fillBuffer.kd,TCC,TCC_MISS_sum,0.8349834519682231
ts,__amd_rocclr_fillBuffer.kd,FLAT,FlatVMemInsts,1.0
ts,__amd_rocclr_fillBuffer.kd,FLAT,TA_FLAT_WRITE_WAVEFRONTS_std,0.3770963532464694
ts,__amd_rocclr_fillBuffer.kd,STALL,TCP_TCP_TA_DATA_STALL_CYCLES_std,1.0
ts,__amd_rocclr_fillBuffer.kd,SALU,SQ_INSTS_SALU,1.0
ts,__amd_rocclr_fillBuffer.kd,ALU,SFetchInsts,1.0
ts,__amd_rocclr_fillBuffer.kd,VALU,SQ_INSTS_VALU,1.0
ts,__amd_rocclr_fillBuffer.kd,EA,TCC_EA_RDREQ_sum,1.0
ts,__amd_rocclr_fillBuffer.kd,TA,TA_BUSY_avr,0.840492191853077
ts,__amd_rocclr_fillBuffer.kd,TA,TA_BUSY_max,1.0
ts,__amd_rocclr_fillBuffer.kd,TA,TA_TA_BUSY_std,0.6698968606765778
ts,__amd_rocclr_fillBuffer.kd,TCC,TCC_EA_WRREQ_std,1.0
ts,__amd_rocclr_fillBuffer.kd,STALL,MemUnitStalled,1.0
ts,__amd_rocclr_fillBuffer.kd,SALU,SALUInsts,1.0
ts,__amd_rocclr_fillBuffer.kd,ALU,SFetchInsts,1.0
ts,__amd_rocclr_fillBuffer.kd,VMEM,SQ_INSTS_VMEM_WR,1.0
ts,__amd_rocclr_fillBuffer.kd,EA,TCC_EA_WRREQ_sum,1.0
ts,__amd_rocclr_fillBuffer.kd,TA,TA_FLAT_WRITE_WAVEFRONTS_sum,1.0
ts,__amd_rocclr_fillBuffer.kd,FLAT,SQ_INSTS_FLAT,1.0
ts,__amd_rocclr_fillBuffer.kd,STALL,TCP_TCP_TA_DATA_STALL_CYCLES_std,1.0
ts,__amd_rocclr_fillBuffer.kd,VALU,SQ_ACTIVE_INST_VALU,1.0
ts,__amd_rocclr_fillBuffer.kd,VALU,SQ_INSTS_VALU,0.9996737203171014
ts,__amd_rocclr_fillBuffer.kd,TA,TA_BUSY_max,1.0
ts,__amd_rocclr_fillBuffer.kd,TCC,TCC_EA_WRREQ_64B_std,1.0
ts,__amd_rocclr_fillBuffer.kd,TCC,TCC_MISS_std,0.7988813400066669
ts,__amd_rocclr_fillBuffer.kd,FLAT,TA_FLAT_WRITE_WAVEFRONTS_std,1.0
ts,__amd_rocclr_fillBuffer.kd,SALU,SALUInsts,1.0
ts,__amd_rocclr_fillBuffer.kd,SALU,SQ_INST_CYCLES_SALU,0.6567836138185678
ts,__amd_rocclr_fillBuffer.kd,SALU,SQ_INSTS_SALU,0.6567836138185678
ts,__amd_rocclr_fillBuffer.kd,VALU,VALUInsts,1.0
ts,__amd_rocclr_fillBuffer.kd,VALU,VALUUtilization,0.9824896340459834
ts,__amd_rocclr_fillBuffer.kd,EA,TCC_EA_WRREQ_64B_sum,0.9999999931585487
ts,__amd_rocclr_fillBuffer.kd,EA,TCC_EA_WRREQ_sum,1.0
ts,__amd_rocclr_fillBuffer.kd,TA,TA_BUSY_avr,1.0
ts,__amd_rocclr_fillBuffer.kd,TCC,TCC_EA_RDREQ_std,0.9750950439544392
ts,__amd_rocclr_fillBuffer.kd,TCC,TCC_MISS_sum,1.0
ts,__amd_rocclr_fillBuffer.kd,FLAT,TA_FLAT_WRITE_WAVEFRONTS_std,1.0
ts,__amd_rocclr_fillBuffer.kd,VALU,SQ_ACTIVE_INST_VALU,0.4902008100969935
ts,__amd_rocclr_fillBuffer.kd,VALU,VALUInsts,1.0
ts,__amd_rocclr_fillBuffer.kd,TA,TA_BUSY_avr,1.0
ts,__amd_rocclr_fillBuffer.kd,TA,TA_TA_BUSY_std,0.7970292492540845
ts,__amd_rocclr_fillBuffer.kd,TCC,TCC_EA_WRREQ_std,1.0
ts,__amd_rocclr_fillBuffer.kd,TCC,TCC_MISS_std,0.993361805913207
ts,__amd_rocclr_fillBuffer.kd,FLAT,SQ_INSTS_FLAT,1.0
ts,__amd_rocclr_fillBuffer.kd,FLAT,TA_FLAT_WRITE_WAVEFRONTS_std,0.8217747087762964
ts,__amd_rocclr_fillBuffer.kd,STALL,MemUnitStalled,1.0
ts,__amd_rocclr_fillBuffer.kd,SALU,SQ_INST_CYCLES_SALU,1.0
ts,__amd_rocclr_fillBuffer.kd,EA,TCC_EA_RDREQ_sum,1.0
ts,__amd_rocclr_fillBuffer.kd,EA,TCC_EA_WRREQ_64B_sum,0.8386891902262378
ts,__amd_rocclr_fillBuffer.kd,TA,TA_TA_BUSY_std,1.0
ts,__amd_rocclr_fillBuffer.kd,TCC,TCC_MISS_sum,1.0
ts,Run2,pmc,pmc50,0.2653423423753568
ts,Run2,pmc,pmc81,0.8409500884131049
ts,Run2,pmc,pmc82,0.667275563144076
ts,Run2,pmc,pmc83,0.5318087108859327
ts,Run2,pmc,pmc85,0.918069465826383
ts,Run2,pmc,pmc86,0.9339866946441363
ts,Run2,pmc,pmc87,0.6307669002181718
ts,Run2,pmc,pmc88,0.7236070736811271
ts,Run2,pmc,pmc89,0.9939463552307211
ts,Run2,pmc,pmc9,0.6536367958080704
ts,Run2,pmc,pmc90,0.835699188155352
ts,Run2,pmc,pmc91,0.69226739313524
ts,Run2,pmc,pmc92,0.9913568942555253
ts,Run2,pmc,pmc93,0.7401577983541844
ts,Run2,pmc,pmc94,0.6615002740152127
ts,Run2,pmc,pmc95,1.0
ts,Run2,pmc,pmc98,0.4455675335380382
ts,Run1,pmc,pmc35,0.4444692971434931
ts,Run1,pmc,pmc41,0.2773212207056988
ts,Run1,pmc,pmc81,0.9484951204431741
ts,Run1,pmc,pmc82,0.8052943146256736
ts,Run1,pmc,pmc83,0.7205190428505649
ts,Run1,pmc,pmc84,0.9294909265763792
ts,Run1,pmc,pmc85,0.7899329222600702
ts,Run1,pmc,pmc86,0.9658862347236574
ts,Run1,pmc,pmc87,0.8475113165865682
ts,Run1,pmc,pmc88,0.7896288895007216
ts,Run1,pmc,pmc89,0.4803296276277463
ts,Run1,pmc,pmc9,1.0
ts,Run1,pmc,pmc90,0.8049049089135473
ts,Run1,pmc,pmc91,0.7922302851674086
ts,Run1,pmc,pmc92,0.9413407011919072
ts,Run1,pmc,pmc93,0.8486824930339247
ts,Run1,pmc,pmc95,0.6581765482723158
ts,Run1,pmc,pmc96,0.8939689390307687
ts,Run1,pmc,pmc97,0.6094077275432782
ts,Run1,pmc,pmc98,0.716568867845373
ts,Run1,pmc,pmc99,0.7371451442489474
ts,Run1,pmc,pmc1,0.6756892058370328
ts,Run1,pmc,pmc10,0.06627291566367212
ts,Run1,pmc,pmc2,0.7323428243580256
ts,Run1,pmc,pmc3,0.688864538127536
ts,Run1,pmc,pmc4,0.41597750527425215
ts,Run1,pmc,pmc5,0.48785915878883224
ts,Run1,pmc,pmc6,1.0
ts,Run1,pmc,pmc7,0.40537305843713173
ts,Run1,pmc,pmc8,0.7957011284933083
ts,Run1,pmc,pmc9,0.2628490684597073
ts,Run1,pmc,pmc40,0.30826793262603885
ts,Run1,pmc,pmc55,0.11930438639445988
ts,Run1,pmc,pmc81,0.91804530224051
ts,Run1,pmc,pmc82,0.7273051075889002
ts,Run1,pmc,pmc84,1.0
ts,Run1,pmc,pmc85,0.743226477924797
ts,Run1,pmc,pmc86,0.8027258133231633
ts,Run1,pmc,pmc87,0.8433937555690494
ts,Run1,pmc,pmc88,0.5395489556354649
ts,Run1,pmc,pmc9,0.7931034454016102
ts,Run1,pmc,pmc90,0.4615362099889409
ts,Run1,pmc,pmc91,0.668807203126254
ts,Run1,pmc,pmc92,0.9860174252726186
ts,Run1,pmc,pmc93,0.8583247587149583
ts,Run1,pmc,pmc94,0.5585862724448576
ts,Run1,pmc,pmc95,0.7111854752105937
ts,Run1,pmc,pmc96,0.7673849481929294
ts,Run1,pmc,pmc97,0.9780281429363311
ts,Run1,pmc,pmc98,0.6248053270409976
ts,Run1,pmc,pmc99,0.5436517198299559
ts,Run1,pmc,pmc10,0.10827638497516162
ts,Run1,pmc,pmc49,0.2316604722935608
ts,Run1,pmc,pmc81,0.628509083777004
ts,Run1,pmc,pmc84,0.9415706937531075
ts,Run1,pmc,pmc86,0.6811519575584163
ts,Run1,pmc,pmc87,0.723571096156266
ts,Run1,pmc,pmc88,0.6371824633638574
ts,Run1,pmc,pmc89,0.8178852342745162
ts,Run1,pmc,pmc9,1.0
ts,Run1,pmc,pmc90,0.7584035770771171
ts,Run1,pmc,pmc91,0.5803417597828165
ts,Run1,pmc,pmc92,0.5817026587433497
ts,Run1,pmc,pmc93,0.6075782882149576
ts,Run1,pmc,pmc94,0.8629429698201584
ts,Run1,pmc,pmc95,0.713063274745854
ts,Run1,pmc,pmc96,0.5449372568557485
ts,Run1,pmc,pmc97,0.5712759596380623
ts,Run1,pmc,pmc98,0.6989206326467439
ts,Run1,pmc,pmc99,0.7696327816039585
ts,Run1,pmc,pmc81,0.7863298382062431
ts,Run1,pmc,pmc82,0.7590842382903469
ts,Run1,pmc,pmc83,0.6477302141207658
ts,Run1,pmc,pmc84,0.8602972734488967
ts,Run1,pmc,pmc85,0.8407382287811334
ts,Run1,pmc,pmc86,0.847577698743244
ts,Run1,pmc,pmc87,0.5781332948503126
ts,Run1,pmc,pmc88,0.7401937621026858
ts,Run1,pmc,pmc89,0.7151557034431413
ts,Run1,pmc,pmc9,1.0
ts,Run1,pmc,pmc90,0.7965499204208148
ts,Run1,pmc,pmc91,0.7990155530138251
ts,Run1,pmc,pmc92,0.833082464816981
ts,Run1,pmc,pmc93,0.6194413147964849
ts,Run1,pmc,pmc94,0.8005997642773502
ts,Run1,pmc,pmc95,0.8819209621399837
ts,Run1,pmc,pmc96,0.858249631782191
ts,Run1,pmc,pmc97,0.6399855721249932
ts,Run1,pmc,pmc98,0.8584369978226558
ts,Run1,pmc,pmc99,0.7983529008639877
ts,Run1,pmc,pmc15,0.23670100700200872
ts,Run1,pmc,pmc31,0.12560743332720575
ts,Run1,pmc,pmc43,0.235881084882461
ts,Run1,pmc,pmc6,0.10981688011813925
ts,Run1,pmc,pmc66,0.20840540150151055
ts,Run1,pmc,pmc81,0.8105404411286639
ts,Run1,pmc,pmc82,0.9330076081687885
ts,Run1,pmc,pmc83,0.8985017811292396
ts,Run1,pmc,pmc84,0.7818246587817832
ts,Run1,pmc,pmc85,0.9870604483357645
ts,Run1,pmc,pmc86,0.5344095970637401
ts,Run1,pmc,pmc89,0.6368191852531361
ts,Run1,pmc,pmc9,0.6209131111504789
ts,Run1,pmc,pmc90,0.6860507183309007
ts,Run1,pmc,pmc91,0.5513600164169137
ts,Run1,pmc,pmc92,0.8391012191657378
ts,Run1,pmc,pmc93,1.0
ts,Run1,pmc,pmc94,0.7356825032145717
ts,Run1,pmc,pmc95,0.8127087257782429
ts,Run1,pmc,pmc97,0.7308893929813102
ts,Run1,pmc,pmc98,0.9459020956087362
ts,Run1,pmc,pmc99,0.7443643291258775
ts,Run1,pmc,pmc22,0.16966495729815542
ts,Run1,pmc,pmc23,0.2832092557388938
ts,Run1,pmc,pmc81,0.8038345476495757
ts,Run1,pmc,pmc82,0.5607750730561674
ts,Run1,pmc,pmc83,0.8604332258479234
ts,Run1,pmc,pmc85,0.6762104250816672
ts,Run1,pmc,pmc86,0.9462277182843393
ts,Run1,pmc,pmc87,0.9005974377009982
ts,Run1,pmc,pmc88,0.8390654830293183
ts,Run1,pmc,pmc89,0.8394953840513693
ts,Run1,pmc,pmc9,0.6789833114599177
ts,Run1,pmc,pmc90,0.481007361469779
ts,Run1,pmc,pmc91,0.6360853985074607
ts,Run1,pmc,pmc92,0.66565998652274
ts,Run1,pmc,pmc93,0.7734961148339394
ts,Run1,pmc,pmc94,0.4670789148784582
ts,Run1,pmc,pmc95,0.6731849713158579
ts,Run1,pmc,pmc97,1.0
ts,Run1,pmc,pmc98,0.5654869304718095
ts,Run1,pmc,pmc99,0.8078153681826966
ts,Run1,pmc,pmc81,0.5870206139408828
ts,Run1,pmc,pmc82,0.6549765229219641
ts,Run1,pmc,pmc83,0.8499283537217158
ts,Run1,pmc,pmc84,0.6465699193661453
ts,Run1,pmc,pmc85,0.47856077003127534
ts,Run1,pmc,pmc86,0.9585505704234785
ts,Run1,pmc,pmc87,0.5136034647051498
ts,Run1,pmc,pmc88,0.8089977606520047
ts,Run1,pmc,pmc9,0.6253625437019086
ts,Run1,pmc,pmc90,0.5824003222970198
ts,Run1,pmc,pmc91,0.9332836949602694
ts,Run1,pmc,pmc92,1.0
ts,Run1,pmc,pmc93,0.6922239387615207
ts,Run1,pmc,pmc94,0.7333633156864423
ts,Run1,pmc,pmc95,0.6637945007629391
ts,Run1,pmc,pmc97,0.8451237971790505
ts,Run1,pmc,pmc98,0.8805984775184792
ts,Run1,pmc,pmc99,0.6009934878786299
ts,Run1,pmc,pmc81,0.5226871352223036
ts,Run1,pmc,pmc82,0.7815639958073737
ts,Run1,pmc,pmc83,1.0
ts,Run1,pmc,pmc84,0.6836144168952554
ts,Run1,pmc,pmc85,0.6080412597456923
ts,Run1,pmc,pmc86,0.6905876569592928
ts,Run1,pmc,pmc87,0.7642198963106087
ts,Run1,pmc,pmc88,0.697856309428499
ts,Run1,pmc,pmc9,0.5580377279792028
ts,Run1,pmc,pmc90,0.8081696980825102
ts,Run1,pmc,pmc91,0.5702912196300871
ts,Run1,pmc,pmc93,0.8096878742182739
ts,Run1,pmc,pmc94,0.9813954948586192
ts,Run1,pmc,pmc95,0.5647234211163658
ts,Run1,pmc,pmc96,0.7017893656116418
ts,Run1,pmc,pmc97,0.7105234284339951
ts,Run1,pmc,pmc98,0.9162233888212364
ts,Run1,pmc,pmc99,0.6268581846452481
ts,Run1,pmc,pmc81,1.0
ts,Run1,pmc,pmc82,0.5666947951662051
ts,Run1,pmc,pmc83,0.6784574992729006
ts,Run1,pmc,pmc84,0.8204760721026136
ts,Run1,pmc,pmc85,0.931685843567231
ts,Run1,pmc,pmc86,0.7126906346237919
ts,Run1,pmc,pmc87,0.7514749030882389
ts,Run1,pmc,pmc88,0.56932202001879
ts,Run1,pmc,pmc89,0.7589169878122138
ts,Run1,pmc,pmc9,0.7717280635461606
ts,Run1,pmc,pmc90,0.7726813226701006
ts,Run1,pmc,pmc91,0.7341365448065773
ts,Run1,pmc,pmc92,0.5780569971260986
ts,Run1,pmc,pmc93,0.6886850208712645
ts,Run1,pmc,pmc94,0.8742462422636624
ts,Run1,pmc,pmc95,0.7814940165205171
ts,Run1,pmc,pmc96,0.7434578867597105
ts,Run1,pmc,pmc97,0.6138190580630815
ts,Run1,pmc,pmc98,0.7577181808090183
ts,Run1,pmc,pmc39,0.09951182865825653
ts,Run1,pmc,pmc70,0.21609591845332474
ts,Run1,pmc,pmc82,0.5552580699583569
ts,Run1,pmc,pmc83,0.7296162735668379
ts,Run1,pmc,pmc84,0.9083425295852388
ts,Run1,pmc,pmc85,0.5288735271017619
ts,Run1,pmc,pmc86,0.6035579896305479
ts,Run1,pmc,pmc87,0.6188429247057201
ts,Run1,pmc,pmc88,0.6093869582997197
ts,Run1,pmc,pmc89,0.7252535941048218
ts,Run1,pmc,pmc9,0.5492380596968541
ts,Run1,pmc,pmc90,0.5196166001255601
ts,Run1,pmc,pmc91,0.5713121732912888
ts,Run1,pmc,pmc92,1.0
ts,Run1,pmc,pmc93,0.5203222558242174
ts,Run1,pmc,pmc94,0.6826851433423272
ts,Run1,pmc,pmc95,0.6297567468464809
ts,Run1,pmc,pmc96,0.6458687539346897
ts,Run1,pmc,pmc97,0.9146750242575007
ts,Run1,pmc,pmc98,0.7434376916803657
ts,Run1,pmc,pmc99,0.514183071406267
ts,Run1,pmc,pmc81,0.5278822933268409
ts,Run1,pmc,pmc82,0.6998854395229036
ts,Run1,pmc,pmc83,0.7965033574357285
ts,Run1,pmc,pmc84,0.555691882331658
ts,Run1,pmc,pmc85,0.5230142412993882
ts,Run1,pmc,pmc86,0.5537833055968893
ts,Run1,pmc,pmc87,0.624884122266328
ts,Run1,pmc,pmc88,0.7742461013083429
ts,Run1,pmc,pmc89,1.0
ts,Run1,pmc,pmc9,0.565201560774291
ts,Run1,pmc,pmc90,0.6764804353106538
ts,Run1,pmc,pmc91,0.5181756200203392
ts,Run1,pmc,pmc92,0.6961892631158146
ts,Run1,pmc,pmc93,0.7226093399647746
ts,Run1,pmc,pmc94,0.4844114198035431
ts,Run1,pmc,pmc95,0.6424627655286178
ts,Run1,pmc,pmc96,0.5205426219861251
ts,Run1,pmc,pmc97,0.7056004527840963
ts,Run1,pmc,pmc98,0.6574019936084848
ts,Run1,pmc,pmc99,0.33828896783615997
ts,Run1,pmc,pmc22,0.2086507552577241
ts,Run1,pmc,pmc50,0.22023013399644406
ts,Run1,pmc,pmc81,0.9369241567038374
ts,Run1,pmc,pmc82,0.7825305927447166
ts,Run1,pmc,pmc83,0.517182460575574
ts,Run1,pmc,pmc84,0.5585652497199196
ts,Run1,pmc,pmc85,0.6641243744097327
ts,Run1,pmc,pmc86,0.37581319852871636
ts,Run1,pmc,pmc87,0.7134104687378402
ts,Run1,pmc,pmc88,0.7273646352955808
ts,Run1,pmc,pmc89,0.6290600857551649
ts,Run1,pmc,pmc9,1.0
ts,Run1,pmc,pmc90,0.5933030431337014
ts,Run1,pmc,pmc91,0.6666774855714178
ts,Run1,pmc,pmc92,0.6860026755703729
ts,Run1,pmc,pmc93,0.6935102453443875
ts,Run1,pmc,pmc94,0.7937064686831015
ts,Run1,pmc,pmc96,0.7351837480734321
ts,Run1,pmc,pmc97,0.5120077234784102
ts,Run1,pmc,pmc98,0.7184382086273606
ts,Run1,pmc,pmc99,0.5475575808342834
ts,Run1,pmc,pmc0,0.10462529184408519
ts,Run1,pmc,pmc19,0.14930860191002854
ts,Run1,pmc,pmc53,0.2485291403825534
ts,Run1,pmc,pmc77,0.13971787717426187
ts,Run1,pmc,pmc81,0.540058492642996
ts,Run1,pmc,pmc82,0.6840878833544073
ts,Run1,pmc,pmc83,0.3773721839389759
ts,Run1,pmc,pmc84,0.7459320898994277
ts,Run1,pmc,pmc85,0.8344258326551024
ts,Run1,pmc,pmc86,0.7522602308586047
ts,Run1,pmc,pmc87,0.751074641943317
ts,Run1,pmc,pmc88,0.7727944617638396
ts,Run1,pmc,pmc89,0.8308741362275095
ts,Run1,pmc,pmc9,1.0
ts,Run1,pmc,pmc90,0.6347112066677285
ts,Run1,pmc,pmc91,0.5447250459412871
ts,Run1,pmc,pmc92,0.7512306716966192
ts,Run1,pmc,pmc93,0.5671997903551788
ts,Run1,pmc,pmc94,0.9112703880141094
ts,Run1,pmc,pmc95,0.597454082304604
ts,Run1,pmc,pmc96,0.6334842023444299
ts,Run1,pmc,pmc97,0.6345031979164987
ts,Run1,pmc,pmc98,0.8294935443512749
ts,Run1,pmc,pmc99,0.681365600780273
ts,Run1,pmc,pmc52,0.1428629634674201
ts,Run1,pmc,pmc67,0.12805569729885288
ts,Run1,pmc,pmc81,0.6620756747716317
ts,Run1,pmc,pmc82,0.5535709911267249
ts,Run1,pmc,pmc84,0.5865424579433314
ts,Run1,pmc,pmc85,0.6931575535107403
ts,Run1,pmc,pmc86,0.6701626132954354
ts,Run1,pmc,pmc87,0.91337643071365
ts,Run1,pmc,pmc88,1.0
ts,Run1,pmc,pmc89,0.6495963681845066
ts,Run1,pmc,pmc9,0.7648711970567825
ts,Run1,pmc,pmc90,0.6876326585103836
ts,Run1,pmc,pmc91,0.8326319307517751
ts,Run1,pmc,pmc92,0.6495545023862795
ts,Run1,pmc,pmc93,0.8993074748963946
ts,Run1,pmc,pmc94,0.5243591008136074
ts,Run1,pmc,pmc95,0.8999568020436893
ts,Run1,pmc,pmc96,0.8390715583228637
ts,Run1,pmc,pmc97,0.6804510847751539
ts,Run1,pmc,pmc98,0.6969273680190062
ts,Run1,pmc,pmc99,0.5740621203602658
ts,Run1,pmc,pmc81,0.6133754741450684
ts,Run1,pmc,pmc82,0.5131600237008874
ts,Run1,pmc,pmc83,1.0
ts,Run1,pmc,pmc84,0.5929205738745608
ts,Run1,pmc,pmc85,0.7636571154542823
ts,Run1,pmc,pmc87,0.6190679704713531
ts,Run1,pmc,pmc88,0.5957731606993301
ts,Run1,pmc,pmc89,0.5275711008780558
ts,Run1,pmc,pmc9,0.47837469431841223
ts,Run1,pmc,pmc90,0.9127669256458477
ts,Run1,pmc,pmc91,0.680265083827907
ts,Run1,pmc,pmc92,0.4798482874032855
ts,Run1,pmc,pmc93,0.6294397934387324
ts,Run1,pmc,pmc94,0.46232236284907685
ts,Run1,pmc,pmc95,0.6436650534734579
ts,Run1,pmc,pmc96,0.5717457901664663
ts,Run1,pmc,pmc97,0.5982635776599072
ts,Run1,pmc,pmc98,0.48106499814650855
ts,Run1,pmc,pmc99,0.6482866879400698
ts,Run1,pmc,pmc45,0.2921249281062061
ts,Run1,pmc,pmc78,0.16211087291189702
ts,Run1,pmc,pmc81,0.8334021650859709
ts,Run1,pmc,pmc82,0.6856673476669731
ts,Run1,pmc,pmc83,1.0
ts,Run1,pmc,pmc84,0.7515216210797797
ts,Run1,pmc,pmc85,0.4844194980933755
ts,Run1,pmc,pmc86,0.6871060853511395
ts,Run1,pmc,pmc88,0.6596697320195113
ts,Run1,pmc,pmc89,0.48932815277866304
ts,Run1,pmc,pmc9,0.7621948787586377
ts,Run1,pmc,pmc90,0.6063529117697194
ts,Run1,pmc,pmc91,0.8377691452454518
ts,Run1,pmc,pmc92,0.8044259280052971
ts,Run1,pmc,pmc93,0.893838981020167
ts,Run1,pmc,pmc94,0.7433781935734611
ts,Run1,pmc,pmc95,0.6616711160593772
ts,Run1,pmc,pmc96,0.9663490815296131
ts,Run1,pmc,pmc97,0.5747372767090266
ts,Run1,pmc,pmc98,0.8011339849887344
ts,Run1,pmc,pmc99,0.6597665250784049
ts,Run1,pmc,pmc81,0.6839931335642595
ts,Run1,pmc,pmc82,0.7799241463855467
ts,Run1,pmc,pmc83,0.9153760114385027
ts,Run1,pmc,pmc84,0.714488642592454
ts,Run1,pmc,pmc85,1.0
ts,Run1,pmc,pmc86,0.7159733353058916
ts,Run1,pmc,pmc87,0.8459647497764315
ts,Run1,pmc,pmc88,0.773075167646922
ts,Run1,pmc,pmc89,0.6283738325055231
ts,Run1,pmc,pmc90,0.6640928183944981
ts,Run1,pmc,pmc91,0.36610076889502613
ts,Run1,pmc,pmc92,0.8967491129987646
ts,Run1,pmc,pmc94,0.5431869154532123
ts,Run1,pmc,pmc95,0.7083243395345177
ts,Run1,pmc,pmc96,0.5235359712501317
ts,Run1,pmc,pmc97,0.6517814704635245
ts,Run1,pmc,pmc98,0.8856427699957615
ts,Run1,pmc,pmc99,0.6939923638737541
ts,Run1,pmc,pmc81,0.5842967463744743
ts,Run1,pmc,pmc82,0.48351108743290483
ts,Run1,pmc,pmc83,0.46543519415129825
ts,Run1,pmc,pmc84,0.6866042618828778
ts,Run1,pmc,pmc85,0.7122837340339084
ts,Run1,pmc,pmc86,0.6359910433465659
ts,Run1,pmc,pmc87,0.8412853525399152
ts,Run1,pmc,pmc88,0.5504334854390255
ts,Run1,pmc,pmc89,0.546685585626333
ts,Run1,pmc,pmc9,0.75400886993298
ts,Run1,pmc,pmc90,0.7598924619264961
ts,Run1,pmc,pmc91,0.6240614470867435
ts,Run1,pmc,pmc92,0.7213786221092467
ts,Run1,pmc,pmc93,1.0
ts,Run1,pmc,pmc94,0.7723018298389036
ts,Run1,pmc,pmc95,0.9117295477026782
ts,Run1,pmc,pmc96,0.5203063447361842
ts,Run1,pmc,pmc97,0.6436549575984929
ts,Run1,pmc,pmc98,0.6316793003347203
ts,Run1,pmc,pmc99,0.6323869061306812
ts,Run1,pmc,pmc81,1.0
ts,Run1,pmc,pmc82,0.7516383825721703
ts,Run1,pmc,pmc83,0.614744335529528
ts,Run1,pmc,pmc84,0.8199627697050251
ts,Run1,pmc,pmc85,0.5867071367722686
ts,Run1,pmc,pmc86,0.9082127774361544
ts,Run1,pmc,pmc87,0.5079163020230427
ts,Run1,pmc,pmc88,0.5837426775992194
ts,Run1,pmc,pmc9,0.6655776232052487
ts,Run1,pmc,pmc90,0.6599485496401627
ts,Run1,pmc,pmc91,0.6845150227145824
ts,Run1,pmc,pmc92,0.5578415824472627
ts,Run1,pmc,pmc93,0.6582440005475042
ts,Run1,pmc,pmc94,0.9840664911044237
ts,Run1,pmc,pmc95,0.7198052507721274
ts,Run1,pmc,pmc96,0.6046558401611938
ts,Run1,pmc,pmc98,0.5645510702728698
ts,Run1,pmc,pmc99,0.8491604769300716
ts,Run1,pmc,pmc81,0.7510885587900341
ts,Run1,pmc,pmc83,0.9400558217977314
ts,Run1,pmc,pmc84,0.5218672403564576
ts,Run1,pmc,pmc85,0.9224902491305117
ts,Run1,pmc,pmc86,0.7448846163930432
ts,Run1,pmc,pmc87,0.7121425781807756
ts,Run1,pmc,pmc88,0.7749631015958893
ts,Run1,pmc,pmc89,0.9787145211710799
ts,Run1,pmc,pmc9,0.792873215318415
ts,Run1,pmc,pmc90,0.5773130561569202
ts,Run1,pmc,pmc91,0.7542184102361316
ts,Run1,pmc,pmc92,0.7116371276763269
ts,Run1,pmc,pmc93,0.7344502632009783
ts,Run1,pmc,pmc94,0.5935914566918029
ts,Run1,pmc,pmc95,0.9973236889056196
ts,Run1,pmc,pmc96,1.0
ts,Run1,pmc,pmc97,0.6536691863746654
ts,Run1,pmc,pmc98,0.8847644875623414
ts,Run1,pmc,pmc81,0.856523369674831
ts,Run1,pmc,pmc82,0.8212833245696155
ts,Run1,pmc,pmc84,0.7150422074008096
ts,Run1,pmc,pmc85,0.9479274077851102
ts,Run1,pmc,pmc86,0.8245591253333707
ts,Run1,pmc,pmc87,0.9335709531367472
ts,Run1,pmc,pmc88,0.9005019737768128
ts,Run1,pmc,pmc89,0.970084563735553
ts,Run1,pmc,pmc9,0.618234447793604
ts,Run1,pmc,pmc90,0.7943295323359206
ts,Run1,pmc,pmc91,0.6486058993992821
ts,Run1,pmc,pmc92,0.9824531464115881
ts,Run1,pmc,pmc93,1.0
ts,Run1,pmc,pmc94,0.6451365884252893
ts,Run1,pmc,pmc95,0.441113337217433
ts,Run1,pmc,pmc96,0.5684746509770673
ts,Run1,pmc,pmc97,0.7521947036588967
ts,Run1,pmc,pmc98,0.7406310254884457
ts,Run1,pmc,pmc99,0.8647539124517432
ts,Run1,pmc,pmc13,0.2666797444517465
ts,Run1,pmc,pmc68,0.26931574046492207
ts,Run1,pmc,pmc81,0.6677003824841775
ts,Run1,pmc,pmc82,1.0
ts,Run1,pmc,pmc83,0.579474130358926
ts,Run1,pmc,pmc84,0.46290357218335015
ts,Run1,pmc,pmc85,0.644294556719304
ts,Run1,pmc,pmc87,0.6681810090813876
ts,Run1,pmc,pmc88,0.9778295612754885
ts,Run1,pmc,pmc89,0.9534053529062798
ts,Run1,pmc,pmc9,0.8429589728089529
ts,Run1,pmc,pmc90,0.5581364405793375
ts,Run1,pmc,pmc91,0.7326000925062034
ts,Run1,pmc,pmc92,0.5096354150887655
ts,Run1,pmc,pmc93,0.5301790358437183
ts,Run1,pmc,pmc94,0.6291379283215464
ts,Run1,pmc,pmc95,0.620962707241208
ts,Run1,pmc,pmc96,0.774884450030414
ts,Run1,pmc,pmc98,0.5015132215627106
ts,Run1,pmc,pmc5,0.24848980624972944
ts,Run1,pmc,pmc50,0.17197284275461078
ts,Run1,pmc,pmc57,0.12703175392584734
ts,Run1,pmc,pmc81,0.698428233094424
ts,Run1,pmc,pmc82,0.6103633643120555
ts,Run1,pmc,pmc83,0.6627090409550389
ts,Run1,pmc,pmc84,0.5839117126190293
ts,Run1,pmc,pmc85,0.8676839803371751
ts,Run1,pmc,pmc86,0.7107499615558648
ts,Run1,pmc,pmc87,0.5552749038393573
ts,Run1,pmc,pmc88,0.9440371730730308
ts,Run1,pmc,pmc89,0.7918925687701426
ts,Run1,pmc,pmc9,0.5250270997071189
ts,Run1,pmc,pmc90,0.7823991545809834
ts,Run1,pmc,pmc91,0.6510014957292213
ts,Run1,pmc,pmc92,0.7015280950995255
ts,Run1,pmc,pmc93,0.7578402730615825
ts,Run1,pmc,pmc94,0.7148656132978629
ts,Run1,pmc,pmc95,0.5225031094771438
ts,Run1,pmc,pmc96,1.0
ts,Run1,pmc,pmc98,0.675990827152524
ts,Run1,pmc,pmc99,0.6717316665101992
ts,Run1,pmc,pmc4,0.2884172283600815
ts,Run1,pmc,pmc78,0.20667983601637754
ts,Run1,pmc,pmc81,0.807983366619214
ts,Run1,pmc,pmc83,0.716061457534105
ts,Run1,pmc,pmc84,0.8359710664787873
ts,Run1,pmc,pmc85,0.6277881404406473
ts,Run1,pmc,pmc86,1.0
ts,Run1,pmc,pmc87,0.8284033012991336
ts,Run1,pmc,pmc88,0.6753315154004526
ts,Run1,pmc,pmc89,0.39782685244037286
ts,Run1,pmc,pmc9,0.7456354323409048
ts,Run1,pmc,pmc90,0.6015786706772435
ts,Run1,pmc,pmc91,0.7822117378083947
ts,Run1,pmc,pmc92,0.6985018281597369
ts,Run1,pmc,pmc94,0.7462691145308261
ts,Run1,pmc,pmc95,0.5483276803604552
ts,Run1,pmc,pmc96,0.7166473540778086
ts,Run1,pmc,pmc97,0.9560112188173954
ts,Run1,pmc,pmc98,0.7195191457159406
ts,Run1,pmc,pmc99,0.7365885449373407
ts,Run1,pmc,pmc20,0.07415816558712915
ts,Run1,pmc,pmc81,0.7659932367322811
ts,Run1,pmc,pmc83,0.7911414211901071
ts,Run1,pmc,pmc84,0.4805361609357719
ts,Run1,pmc,pmc85,0.6289792018744146
ts,Run1,pmc,pmc86,0.6175600778789743
ts,Run1,pmc,pmc87,0.9442827502807604
ts,Run1,pmc,pmc88,0.5481551152305679
ts,Run1,pmc,pmc89,0.8463151257586231
ts,Run1,pmc,pmc9,0.7581400924643829
ts,Run1,pmc,pmc90,1.0
ts,Run1,pmc,pmc91,0.7379776894457581
ts,Run1,pmc,pmc92,0.8952045775177242
ts,Run1,pmc,pmc94,0.7473565794498985
ts,Run1,pmc,pmc95,0.5496563427294517
ts,Run1,pmc,pmc96,0.7795113804781284
ts,Run1,pmc,pmc97,0.5966484504301447
ts,Run1,pmc,pmc98,0.5390258318840836
ts,Run1,pmc,pmc99,0.7741815467538983
ts,Run1,pmc,pmc31,0.23419625930894394
ts,Run1,pmc,pmc81,0.5547814820386533
ts,Run1,pmc,pmc82,0.7229775226589571
ts,Run1,pmc,pmc83,0.7320234051002878
ts,Run1,pmc,pmc84,0.5871685573803153
ts,Run1,pmc,pmc85,0.5090223062769648
ts,Run1,pmc,pmc86,1.0
ts,Run1,pmc,pmc87,0.6950323583609509
ts,Run1,pmc,pmc89,0.5833111144474633
ts,Run1,pmc,pmc9,0.5251716388280103
ts,Run1,pmc,pmc90,0.4819603190739558
ts,Run1,pmc,pmc91,0.5002185610643797
ts,Run1,pmc,pmc92,0.8302089236432035
ts,Run1,pmc,pmc93,0.41217416391661804
ts,Run1,pmc,pmc94,0.7744894393232317
ts,Run1,pmc,pmc96,0.5377569747044103
ts,Run1,pmc,pmc97,0.5323944399364726
ts,Run1,pmc,pmc99,0.41155843542685183
ts,Run1,pmc,pmc22,0.1508927730625623
ts,Run1,pmc,pmc8,0.1054769669531751
ts,Run1,pmc,pmc81,0.7932413925153649
ts,Run1,pmc,pmc82,0.776437403700958
ts,Run1,pmc,pmc83,0.7415521010274482
ts,Run1,pmc,pmc84,0.6019300525937942
ts,Run1,pmc,pmc85,0.709724335507287
ts,Run1,pmc,pmc86,0.623143691920368
ts,Run1,pmc,pmc87,0.6502598597629105
ts,Run1,pmc,pmc88,0.532814481006659
ts,Run1,pmc,pmc9,1.0
ts,Run1,pmc,pmc90,0.8117357005353479
ts,Run1,pmc,pmc91,0.6150901269191635
ts,Run1,pmc,pmc92,0.46048241861431216
ts,Run1,pmc,pmc93,0.5711351665720049
ts,Run1,pmc,pmc94,0.7095140197386254
ts,Run1,pmc,pmc95,0.6987185881801342
ts,Run1,pmc,pmc96,0.7237468756941845
ts,Run1,pmc,pmc97,0.5424471808137633
ts,Run1,pmc,pmc98,0.7061627045358003
ts,Run1,pmc,pmc81,0.5566687361166945
ts,Run1,pmc,pmc82,0.6159351709668651
ts,Run1,pmc,pmc83,0.6115725596377263
ts,Run1,pmc,pmc84,0.7006129010999997
ts,Run1,pmc,pmc85,0.8129876272849949
ts,Run1,pmc,pmc86,0.5584533811964366
ts,Run1,pmc,pmc87,0.8051566595301658
ts,Run1,pmc,pmc89,0.7579154461572145
ts,Run1,pmc,pmc9,0.6667971768658649
ts,Run1,pmc,pmc90,0.6368268485640306
ts,Run1,pmc,pmc91,0.8662773035905769
ts,Run1,pmc,pmc93,0.6956171336590901
ts,Run1,pmc,pmc94,1.0
ts,Run1,pmc,pmc95,0.7573090765747839
ts,Run1,pmc,pmc96,0.6121331811254069
ts,Run1,pmc,pmc97,0.6240715110586318
ts,Run1,pmc,pmc98,0.6286222881093739
ts,Run1,pmc,pmc99,0.4664409431331355
ts,Run1,pmc,pmc12,0.16634237366638713
ts,Run1,pmc,pmc25,0.32125924768102754
ts,Run1,pmc,pmc45,0.1651844476336572
ts,Run1,pmc,pmc73,0.23944463759766121
ts,Run1,pmc,pmc81,1.0
ts,Run1,pmc,pmc82,0.780094475864174
ts,Run1,pmc,pmc83,0.6753631365409406
ts,Run1,pmc,pmc84,0.7647407021995242
ts,Run1,pmc,pmc85,0.7069691814477789
ts,Run1,pmc,pmc86,0.7064194226275095
ts,Run1,pmc,pmc87,0.8767143308068813
ts,Run1,pmc,pmc88,0.6762237331528164
ts,Run1,pmc,pmc89,0.9083089785829117
ts,Run1,pmc,pmc9,0.563878143735697
ts,Run1,pmc,pmc91,0.7195624650776627
ts,Run1,pmc,pmc92,0.9475682959400314
ts,Run1,pmc,pmc93,0.7168738161883397
ts,Run1,pmc,pmc94,0.5405167026763077
ts,Run1,pmc,pmc95,0.5579303796877157
ts,Run1,pmc,pmc96,0.7557865950168116
ts,Run1,pmc,pmc99,0.8256803648377198
ts,Run1,pmc,pmc4,0.1533756948495927
ts,Run1,pmc,pmc80,0.04124336751246265
ts,Run1,pmc,pmc81,0.41013764122299096
ts,Run1,pmc,pmc82,0.6731005788103789
ts,Run1,pmc,pmc83,0.5301668966721812
ts,Run1,pmc,pmc85,0.511934033958884
ts,Run1,pmc,pmc86,0.5339235021322465
ts,Run1,pmc,pmc87,0.7083092455497875
ts,Run1,pmc,pmc88,0.44258103252314174
ts,Run1,pmc,pmc89,1.0
ts,Run1,pmc,pmc9,0.48527882066243266
ts,Run1,pmc,pmc90,0.4901505686455114
ts,Run1,pmc,pmc91,0.6616342053125586
ts,Run1,pmc,pmc92,0.5665176447176486
ts,Run1,pmc,pmc93,0.7602436005553028
ts,Run1,pmc,pmc94,0.8064908703076423
ts,Run1,pmc,pmc95,0.731491645008945
ts,Run1,pmc,pmc96,0.714910963130795
ts,Run1,pmc,pmc97,0.5317282278767037
ts,Run1,pmc,pmc98,0.6163527274998476
ts,Run1,pmc,pmc99,0.5930706809709692
ts,Run1,pmc,pmc34,0.34643445645315535
ts,Run1,pmc,pmc54,0.1642836413368157
ts,Run1,pmc,pmc69,0.09843457622990635
ts,Run1,pmc,pmc81,0.7116144835660271
ts,Run1,pmc,pmc82,0.7714963641956476
ts,Run1,pmc,pmc83,0.6163428037003245
ts,Run1,pmc,pmc84,0.7457886711297405
ts,Run1,pmc,pmc85,0.8388319565965239
ts,Run1,pmc,pmc86,0.6443437689441411
ts,Run1,pmc,pmc87,0.5758554450716582
ts,Run1,pmc,pmc89,0.8682164052917499
ts,Run1,pmc,pmc9,0.7328148970654486
ts,Run1,pmc,pmc90,0.7758850110569713
ts,Run1,pmc,pmc91,0.7387270597584642
ts,Run1,pmc,pmc92,0.9179072624474153
ts,Run1,pmc,pmc93,1.0
ts,Run1,pmc,pmc94,0.9526662411119209
ts,Run1,pmc,pmc95,0.697120634946703
ts,Run1,pmc,pmc97,0.8006754653069037
ts,Run1,pmc,pmc98,0.5656375666647515
ts,Run1,pmc,pmc99,0.5404739134091862
ts,Run1,pmu,pmc15,0.3409331954694963
ts,Run1,pmu,pmc81,0.7392462204415895
ts,Run1,pmu,pmc82,0.6678342772545353
ts,Run1,pmu,pmc83,0.4931047763969122
ts,Run1,pmu,pmc84,0.5220417031112607
ts,Run1,pmu,pmc85,0.5531007371960489
ts,Run1,pmu,pmc86,0.8307351475824969
ts,Run1,pmu,pmc87,0.7786474672005519
ts,Run1,pmu,pmc89,0.7473354760894373
ts,Run1,pmu,pmc9,0.7387124280309669
ts,Run1,pmu,pmc90,0.6233373473154938
ts,Run1,pmu,pmc91,0.6237219615848004
ts,Run1,pmu,pmc92,0.7383780290273692
ts,Run1,pmu,pmc93,0.4812827983304789
ts,Run1,pmu,pmc94,1.0
ts,Run1,pmu,pmc95,0.52895903972203
ts,Run1,pmu,pmc96,0.7480608803997818
ts,Run1,pmu,pmc97,0.7102583854136041
ts,Run1,pmu,pmc98,0.5894256490235608
ts,Run1,pmu,pmc99,0.603053633712898
ts,PMU_EXAMPLE_FAKE_092be9f8_f19f_11ec_ad61_30d042e819fe,pmu,pmc13,0.16875125529773297
ts,PMU_EXAMPLE_FAKE_092be9f8_f19f_11ec_ad61_30d042e819fe,pmu,pmc39,0.01974288150541661
ts,PMU_EXAMPLE_FAKE_092be9f8_f19f_11ec_ad61_30d042e819fe,pmu,pmc43,0.33038164744075943
ts,PMU_EXAMPLE_FAKE_092be9f8_f19f_11ec_ad61_30d042e819fe,pmu,pmc81,0.711070103231041
ts,PMU_EXAMPLE_FAKE_092be9f8_f19f_11ec_ad61_30d042e819fe,pmu,pmc82,0.6341954219422298
ts,PMU_EXAMPLE_FAKE_092be9f8_f19f_11ec_ad61_30d042e819fe,pmu,pmc83,0.9561188038066974
ts,PMU_EXAMPLE_FAKE_092be9f8_f19f_11ec_ad61_30d042e819fe,pmu,pmc84,0.8739316868717206
ts,PMU_EXAMPLE_FAKE_092be9f8_f19f_11ec_ad61_30d042e819fe,pmu,pmc85,0.8139629842235079
ts,PMU_EXAMPLE_FAKE_092be9f8_f19f_11ec_ad61_30d042e819fe,pmu,pmc86,0.6047406447839987
ts,PMU_EXAMPLE_FAKE_092be9f8_f19f_11ec_ad61_30d042e819fe,pmu,pmc87,1.0
ts,PMU_EXAMPLE_FAKE_092be9f8_f19f_11ec_ad61_30d042e819fe,pmu,pmc88,0.6517046322478045
ts,PMU_EXAMPLE_FAKE_092be9f8_f19f_11ec_ad61_30d042e819fe,pmu,pmc89,0.9696462760927107
ts,PMU_EXAMPLE_FAKE_092be9f8_f19f_11ec_ad61_30d042e819fe,pmu,pmc9,0.8942749233015294
ts,PMU_EXAMPLE_FAKE_092be9f8_f19f_11ec_ad61_30d042e819fe,pmu,pmc90,0.6041796043825433
ts,PMU_EXAMPLE_FAKE_092be9f8_f19f_11ec_ad61_30d042e819fe,pmu,pmc91,0.7121255817751071
ts,PMU_EXAMPLE_FAKE_092be9f8_f19f_11ec_ad61_30d042e819fe,pmu,pmc92,0.7472113279809194
ts,PMU_EXAMPLE_FAKE_092be9f8_f19f_11ec_ad61_30d042e819fe,pmu,pmc94,0.5641208983076343
ts,PMU_EXAMPLE_FAKE_092be9f8_f19f_11ec_ad61_30d042e819fe,pmu,pmc95,0.9400019811637335
ts,PMU_EXAMPLE_FAKE_092be9f8_f19f_11ec_ad61_30d042e819fe,pmu,pmc96,0.6202909622627062
ts,PMU_EXAMPLE_FAKE_092be9f8_f19f_11ec_ad61_30d042e819fe,pmu,pmc97,0.8296229025557046
ts,PMU_EXAMPLE_FAKE_092be9f8_f19f_11ec_ad61_30d042e819fe,pmu,pmc98,0.946408769281828
ts,PMU_EXAMPLE_FAKE_092be9f8_f19f_11ec_ad61_30d042e819fe,pmu,pmc99,0.5091946040952351
ts,PMU_EXAMPLE_FAKE_092be9f8_f19f_11ec_ad61_30d042e819fe,pmu,pmc30,0.3037159661353673
ts,PMU_EXAMPLE_FAKE_092be9f8_f19f_11ec_ad61_30d042e819fe,pmu,pmc81,0.5668269685003595
ts,PMU_EXAMPLE_FAKE_092be9f8_f19f_11ec_ad61_30d042e819fe,pmu,pmc82,0.64749817527997
ts,PMU_EXAMPLE_FAKE_092be9f8_f19f_11ec_ad61_30d042e819fe,pmu,pmc83,0.40480769056645777
ts,PMU_EXAMPLE_FAKE_092be9f8_f19f_11ec_ad61_30d042e819fe,pmu,pmc84,0.7567990676346222
ts,PMU_EXAMPLE_FAKE_092be9f8_f19f_11ec_ad61_30d042e819fe,pmu,pmc85,1.0
ts,PMU_EXAMPLE_FAKE_092be9f8_f19f_11ec_ad61_30d042e819fe,pmu,pmc87,0.6232690559769868
ts,PMU_EXAMPLE_FAKE_092be9f8_f19f_11ec_ad61_30d042e819fe,pmu,pmc88,0.6638035778081484
ts,PMU_EXAMPLE_FAKE_092be9f8_f19f_11ec_ad61_30d042e819fe,pmu,pmc89,0.6271483372300801
ts,PMU_EXAMPLE_FAKE_092be9f8_f19f_11ec_ad61_30d042e819fe,pmu,pmc90,0.9126492541098009
ts,PMU_EXAMPLE_FAKE_092be9f8_f19f_11ec_ad61_30d042e819fe,pmu,pmc91,0.4698402756827166
ts,PMU_EXAMPLE_FAKE_092be9f8_f19f_11ec_ad61_30d042e819fe,pmu,pmc92,0.7365286695965356
ts,PMU_EXAMPLE_FAKE_092be9f8_f19f_11ec_ad61_30d042e819fe,pmu,pmc93,0.7891840475092504
ts,PMU_EXAMPLE_FAKE_092be9f8_f19f_11ec_ad61_30d042e819fe,pmu,pmc94,0.884829019000193
ts,PMU_EXAMPLE_FAKE_092be9f8_f19f_11ec_ad61_30d042e819fe,pmu,pmc95,0.6769712185898106
ts,PMU_EXAMPLE_FAKE_092be9f8_f19f_11ec_ad61_30d042e819fe,pmu,pmc97,0.8445086137358598
ts,PMU_EXAMPLE_FAKE_092be9f8_f19f_11ec_ad61_30d042e819fe,pmu,pmc98,0.8439804799093542
ts,PMU_EXAMPLE_FAKE_092be9f8_f19f_11ec_ad61_30d042e819fe,pmu,pmc99,0.6314873549030537
ts,PMU_EXAMPLE_FAKE_092be9f8_f19f_11ec_ad61_30d042e819fe,pmu,pmc23,0.10023671905168974
ts,PMU_EXAMPLE_FAKE_092be9f8_f19f_11ec_ad61_30d042e819fe,pmu,pmc33,0.2914038890231908
ts,PMU_EXAMPLE_FAKE_092be9f8_f19f_11ec_ad61_30d042e819fe,pmu,pmc78,0.25214905867052995
ts,PMU_EXAMPLE_FAKE_092be9f8_f19f_11ec_ad61_30d042e819fe,pmu,pmc81,0.6419158012208156
ts,PMU_EXAMPLE_FAKE_092be9f8_f19f_11ec_ad61_30d042e819fe,pmu,pmc82,0.7200536376550668
ts,PMU_EXAMPLE_FAKE_092be9f8_f19f_11ec_ad61_30d042e819fe,pmu,pmc83,0.8181078747092865
ts,PMU_EXAMPLE_FAKE_092be9f8_f19f_11ec_ad61_30d042e819fe,pmu,pmc84,0.6448231006270304
ts,PMU_EXAMPLE_FAKE_092be9f8_f19f_11ec_ad61_30d042e819fe,pmu,pmc85,0.9301016185320935
ts,PMU_EXAMPLE_FAKE_092be9f8_f19f_11ec_ad61_30d042e819fe,pmu,pmc86,1.0
ts,PMU_EXAMPLE_FAKE_092be9f8_f19f_11ec_ad61_30d042e819fe,pmu,pmc87,0.9233527003664443
ts,PMU_EXAMPLE_FAKE_092be9f8_f19f_11ec_ad61_30d042e819fe,pmu,pmc88,0.6270530943249654
ts,PMU_EXAMPLE_FAKE_092be9f8_f19f_11ec_ad61_30d042e819fe,pmu,pmc89,0.6946018913004698
ts,PMU_EXAMPLE_FAKE_092be9f8_f19f_11ec_ad61_30d042e819fe,pmu,pmc9,0.6759321616720867
ts,PMU_EXAMPLE_FAKE_092be9f8_f19f_11ec_ad61_30d042e819fe,pmu,pmc91,0.7528623280111021
ts,PMU_EXAMPLE_FAKE_092be9f8_f19f_11ec_ad61_30d042e819fe,pmu,pmc92,0.5529293320209411
ts,PMU_EXAMPLE_FAKE_092be9f8_f19f_11ec_ad61_30d042e819fe,pmu,pmc93,0.6617319787870654
ts,PMU_EXAMPLE_FAKE_092be9f8_f19f_11ec_ad61_30d042e819fe,pmu,pmc94,0.9849272734822673
ts,PMU_EXAMPLE_FAKE_092be9f8_f19f_11ec_ad61_30d042e819fe,pmu,pmc95,0.6281393871087002
ts,PMU_EXAMPLE_FAKE_092be9f8_f19f_11ec_ad61_30d042e819fe,pmu,pmc96,0.5975088065582518
ts,PMU_EXAMPLE_FAKE_092be9f8_f19f_11ec_ad61_30d042e819fe,pmu,pmc97,0.9186202438287804
ts,PMU_EXAMPLE_FAKE_092be9f8_f19f_11ec_ad61_30d042e819fe,pmu,pmc98,0.9609464417724536
ts,PMU_EXAMPLE_FAKE_092be9f8_f19f_11ec_ad61_30d042e819fe,pmu,pmc99,0.5247101867069732
ts,PMU_EXAMPLE_FAKE_092be9f8_f19f_11ec_ad61_30d042e819fe,pmu,pmc81,0.5862740197728232
ts,PMU_EXAMPLE_FAKE_092be9f8_f19f_11ec_ad61_30d042e819fe,pmu,pmc82,0.7334916365245882
ts,PMU_EXAMPLE_FAKE_092be9f8_f19f_11ec_ad61_30d042e819fe,pmu,pmc83,0.5685068826150019
ts,PMU_EXAMPLE_FAKE_092be9f8_f19f_11ec_ad61_30d042e819fe,pmu,pmc84,0.6627664078893986
ts,PMU_EXAMPLE_FAKE_092be9f8_f19f_11ec_ad61_30d042e819fe,pmu,pmc85,0.5312662597496534
ts,PMU_EXAMPLE_FAKE_092be9f8_f19f_11ec_ad61_30d042e819fe,pmu,pmc86,0.7461902155145274
ts,PMU_EXAMPLE_FAKE_092be9f8_f19f_11ec_ad61_30d042e819fe,pmu,pmc88,0.49123261702365506
ts,PMU_EXAMPLE_FAKE_092be9f8_f19f_11ec_ad61_30d042e819fe,pmu,pmc89,0.6455869334603481
ts,PMU_EXAMPLE_FAKE_092be9f8_f19f_11ec_ad61_30d042e819fe,pmu,pmc9,0.6664314454805474
ts,PMU_EXAMPLE_FAKE_092be9f8_f19f_11ec_ad61_30d042e819fe,pmu,pmc90,0.6774917010733074
ts,PMU_EXAMPLE_FAKE_092be9f8_f19f_11ec_ad61_30d042e819fe,pmu,pmc91,0.49960020453423776
ts,PMU_EXAMPLE_FAKE_092be9f8_f19f_11ec_ad61_30d042e819fe,pmu,pmc92,1.0
ts,PMU_EXAMPLE_FAKE_092be9f8_f19f_11ec_ad61_30d042e819fe,pmu,pmc93,0.6051154530808065
ts,PMU_EXAMPLE_FAKE_092be9f8_f19f_11ec_ad61_30d042e819fe,pmu,pmc94,0.5546864870588857
ts,PMU_EXAMPLE_FAKE_092be9f8_f19f_11ec_ad61_30d042e819fe,pmu,pmc95,0.8256542467156027
ts,PMU_EXAMPLE_FAKE_092be9f8_f19f_11ec_ad61_30d042e819fe,pmu,pmc96,0.518171674080969
ts,PMU_EXAMPLE_FAKE_092be9f8_f19f_11ec_ad61_30d042e819fe,pmu,pmc97,0.4605445930604184
ts,PMU_EXAMPLE_FAKE_092be9f8_f19f_11ec_ad61_30d042e819fe,pmu,pmc98,0.6218560618317946
ts,PMU_EXAMPLE_FAKE_092be9f8_f19f_11ec_ad61_30d042e819fe,pmu,pmc99,0.449458337703964
ts,PMU_EXAMPLE_FAKE_092be9f8_f19f_11ec_ad61_30d042e819fe,pmu,pmc4,0.13457933941205302
ts,PMU_EXAMPLE_FAKE_092be9f8_f19f_11ec_ad61_30d042e819fe,pmu,pmc44,0.18681952773148053
ts,PMU_EXAMPLE_FAKE_092be9f8_f19f_11ec_ad61_30d042e819fe,pmu,pmc57,0.06271036687241481
ts,PMU_EXAMPLE_FAKE_092be9f8_f19f_11ec_ad61_30d042e819fe,pmu,pmc81,1.0
ts,PMU_EXAMPLE_FAKE_092be9f8_f19f_11ec_ad61_30d042e819fe,pmu,pmc82,0.5597006935909337
ts,PMU_EXAMPLE_FAKE_092be9f8_f19f_11ec_ad61_30d042e819fe,pmu,pmc83,0.7247841487721425
ts,PMU_EXAMPLE_FAKE_092be9f8_f19f_11ec_ad61_30d042e819fe,pmu,pmc84,0.5861877873611949
ts,PMU_EXAMPLE_FAKE_092be9f8_f19f_11ec_ad61_30d042e819fe,pmu,pmc85,0.5498253175958201
ts,PMU_EXAMPLE_FAKE_092be9f8_f19f_11ec_ad61_30d042e819fe,pmu,pmc86,0.7198487541596399
ts,PMU_EXAMPLE_FAKE_092be9f8_f19f_11ec_ad61_30d042e819fe,pmu,pmc87,0.7431621505973838
ts,PMU_EXAMPLE_FAKE_092be9f8_f19f_11ec_ad61_30d042e819fe,pmu,pmc89,0.7309703079462161
ts,PMU_EXAMPLE_FAKE_092be9f8_f19f_11ec_ad61_30d042e819fe,pmu,pmc9,0.6503913877142793
ts,PMU_EXAMPLE_FAKE_092be9f8_f19f_11ec_ad61_30d042e819fe,pmu,pmc90,0.55766786615145
ts,PMU_EXAMPLE_FAKE_092be9f8_f19f_11ec_ad61_30d042e819fe,pmu,pmc91,0.9115526406348926
ts,PMU_EXAMPLE_FAKE_092be9f8_f19f_11ec_ad61_30d042e819fe,pmu,pmc92,0.730044955576707
ts,PMU_EXAMPLE_FAKE_092be9f8_f19f_11ec_ad61_30d042e819fe,pmu,pmc93,0.6014599772919215
ts,PMU_EXAMPLE_FAKE_092be9f8_f19f_11ec_ad61_30d042e819fe,pmu,pmc94,0.8174063042978624
ts,PMU_EXAMPLE_FAKE_092be9f8_f19f_11ec_ad61_30d042e819fe,pmu,pmc95,0.504210233523509
ts,PMU_EXAMPLE_FAKE_092be9f8_f19f_11ec_ad61_30d042e819fe,pmu,pmc96,0.8821223177058977
ts,PMU_EXAMPLE_FAKE_092be9f8_f19f_11ec_ad61_30d042e819fe,pmu,pmc97,0.5334292376494887
ts,PMU_EXAMPLE_FAKE_092be9f8_f19f_11ec_ad61_30d042e819fe,pmu,pmc99,0.49054448007804197
ts,PMU_EXAMPLE_FAKE_092be9f8_f19f_11ec_ad61_30d042e819fe,pmu,pmc3,0.20373931042884363
ts,PMU_EXAMPLE_FAKE_092be9f8_f19f_11ec_ad61_30d042e819fe,pmu,pmc56,0.21678162789233268
ts,PMU_EXAMPLE_FAKE_092be9f8_f19f_11ec_ad61_30d042e819fe,pmu,pmc81,0.8898176455343985
ts,PMU_EXAMPLE_FAKE_092be9f8_f19f_11ec_ad61_30d042e819fe,pmu,pmc82,0.9068825380398787
ts,PMU_EXAMPLE_FAKE_092be9f8_f19f_11ec_ad61_30d042e819fe,pmu,pmc83,0.6658313455994314
ts,PMU_EXAMPLE_FAKE_092be9f8_f19f_11ec_ad61_30d042e819fe,pmu,pmc84,0.8027292930120726
ts,PMU_EXAMPLE_FAKE_092be9f8_f19f_11ec_ad61_30d042e819fe,pmu,pmc85,0.7430532640389366
ts,PMU_EXAMPLE_FAKE_092be9f8_f19f_11ec_ad61_30d042e819fe,pmu,pmc86,0.6282918920647647
ts,PMU_EXAMPLE_FAKE_092be9f8_f19f_11ec_ad61_30d042e819fe,pmu,pmc87,0.7408211656218253
ts,PMU_EXAMPLE_FAKE_092be9f8_f19f_11ec_ad61_30d042e819fe,pmu,pmc88,0.6370763276326697
ts,PMU_EXAMPLE_FAKE_092be9f8_f19f_11ec_ad61_30d042e819fe,pmu,pmc89,0.7666833022897441
ts,PMU_EXAMPLE_FAKE_092be9f8_f19f_11ec_ad61_30d042e819fe,pmu,pmc9,0.9045464259533924
ts,PMU_EXAMPLE_FAKE_092be9f8_f19f_11ec_ad61_30d042e819fe,pmu,pmc90,0.6439637042355271
ts,PMU_EXAMPLE_FAKE_092be9f8_f19f_11ec_ad61_30d042e819fe,pmu,pmc91,0.6243401356904957
ts,PMU_EXAMPLE_FAKE_092be9f8_f19f_11ec_ad61_30d042e819fe,pmu,pmc92,0.8922170721507926
ts,PMU_EXAMPLE_FAKE_092be9f8_f19f_11ec_ad61_30d042e819fe,pmu,pmc94,0.7023013626869467
ts,PMU_EXAMPLE_FAKE_092be9f8_f19f_11ec_ad61_30d042e819fe,pmu,pmc95,1.0
ts,PMU_EXAMPLE_FAKE_092be9f8_f19f_11ec_ad61_30d042e819fe,pmu,pmc96,0.6014975910129127
ts,PMU_EXAMPLE_FAKE_092be9f8_f19f_11ec_ad61_30d042e819fe,pmu,pmc97,0.6510932989289927
ts,PMU_EXAMPLE_FAKE_092be9f8_f19f_11ec_ad61_30d042e819fe,pmu,pmc99,0.5615358422807967
ts,PMU_EXAMPLE_FAKE_092be9f8_f19f_11ec_ad61_30d042e819fe,pmu,pmc0,0.1604217593275142
ts,PMU_EXAMPLE_FAKE_092be9f8_f19f_11ec_ad61_30d042e819fe,pmu,pmc66,0.12583194331539652
ts,PMU_EXAMPLE_FAKE_092be9f8_f19f_11ec_ad61_30d042e819fe,pmu,pmc81,0.7786463670454503
ts,PMU_EXAMPLE_FAKE_092be9f8_f19f_11ec_ad61_30d042e819fe,pmu,pmc82,0.5826256621838979
ts,PMU_EXAMPLE_FAKE_092be9f8_f19f_11ec_ad61_30d042e819fe,pmu,pmc83,0.5947084052614844
ts,PMU_EXAMPLE_FAKE_092be9f8_f19f_11ec_ad61_30d042e819fe,pmu,pmc84,1.0
ts,PMU_EXAMPLE_FAKE_092be9f8_f19f_11ec_ad61_30d042e819fe,pmu,pmc85,0.8496110578585463
ts,PMU_EXAMPLE_FAKE_092be9f8_f19f_11ec_ad61_30d042e819fe,pmu,pmc86,0.9988004935868394
ts,PMU_EXAMPLE_FAKE_092be9f8_f19f_11ec_ad61_30d042e819fe,pmu,pmc87,0.6738128234568497
ts,PMU_EXAMPLE_FAKE_092be9f8_f19f_11ec_ad61_30d042e819fe,pmu,pmc88,0.5541748930773508
ts,PMU_EXAMPLE_FAKE_092be9f8_f19f_11ec_ad61_30d042e819fe,pmu,pmc89,0.7190199221793673
ts,PMU_EXAMPLE_FAKE_092be9f8_f19f_11ec_ad61_30d042e819fe,pmu,pmc9,0.8336731354275694
ts,PMU_EXAMPLE_FAKE_092be9f8_f19f_11ec_ad61_30d042e819fe,pmu,pmc90,0.6743372405813153
ts,PMU_EXAMPLE_FAKE_092be9f8_f19f_11ec_ad61_30d042e819fe,pmu,pmc91,0.8105530852025412
ts,PMU_EXAMPLE_FAKE_092be9f8_f19f_11ec_ad61_30d042e819fe,pmu,pmc92,0.5209051259311895
ts,PMU_EXAMPLE_FAKE_092be9f8_f19f_11ec_ad61_30d042e819fe,pmu,pmc93,0.984972356103015
ts,PMU_EXAMPLE_FAKE_092be9f8_f19f_11ec_ad61_30d042e819fe,pmu,pmc94,0.8877573946269205
ts,PMU_EXAMPLE_FAKE_092be9f8_f19f_11ec_ad61_30d042e819fe,pmu,pmc95,0.5593669310526511
ts,PMU_EXAMPLE_FAKE_092be9f8_f19f_11ec_ad61_30d042e819fe,pmu,pmc97,0.720149946174803
ts,PMU_EXAMPLE_FAKE_092be9f8_f19f_11ec_ad61_30d042e819fe,pmu,pmc98,0.625098841143657
ts,PMU_EXAMPLE_FAKE_092be9f8_f19f_11ec_ad61_30d042e819fe,pmu,pmc44,0.26916803936664263
ts,PMU_EXAMPLE_FAKE_092be9f8_f19f_11ec_ad61_30d042e819fe,pmu,pmc57,0.09540018689357993
ts,PMU_EXAMPLE_FAKE_092be9f8_f19f_11ec_ad61_30d042e819fe,pmu,pmc76,0.09634222436884016
ts,PMU_EXAMPLE_FAKE_092be9f8_f19f_11ec_ad61_30d042e819fe,pmu,pmc81,1.0
ts,PMU_EXAMPLE_FAKE_092be9f8_f19f_11ec_ad61_30d042e819fe,pmu,pmc82,0.5609587099628558
ts,PMU_EXAMPLE_FAKE_092be9f8_f19f_11ec_ad61_30d042e819fe,pmu,pmc83,0.6788170836613591
ts,PMU_EXAMPLE_FAKE_092be9f8_f19f_11ec_ad61_30d042e819fe,pmu,pmc84,0.7314144661482941
ts,PMU_EXAMPLE_FAKE_092be9f8_f19f_11ec_ad61_30d042e819fe,pmu,pmc85,0.6192813910669314
ts,PMU_EXAMPLE_FAKE_092be9f8_f19f_11ec_ad61_30d042e819fe,pmu,pmc86,0.6989436173121293
ts,PMU_EXAMPLE_FAKE_092be9f8_f19f_11ec_ad61_30d042e819fe,pmu,pmc88,0.47174610406024403
ts,PMU_EXAMPLE_FAKE_092be9f8_f19f_11ec_ad61_30d042e819fe,pmu,pmc89,0.8135529742000698
ts,PMU_EXAMPLE_FAKE_092be9f8_f19f_11ec_ad61_30d042e819fe,pmu,pmc90,0.5286947913951332
ts,PMU_EXAMPLE_FAKE_092be9f8_f19f_11ec_ad61_30d042e819fe,pmu,pmc91,0.6544864240966698
ts,PMU_EXAMPLE_FAKE_092be9f8_f19f_11ec_ad61_30d042e819fe,pmu,pmc92,0.9158631354922058
ts,PMU_EXAMPLE_FAKE_092be9f8_f19f_11ec_ad61_30d042e819fe,pmu,pmc93,0.7502189866680751
ts,PMU_EXAMPLE_FAKE_092be9f8_f19f_11ec_ad61_30d042e819fe,pmu,pmc94,0.7936620224612406
ts,PMU_EXAMPLE_FAKE_092be9f8_f19f_11ec_ad61_30d042e819fe,pmu,pmc95,0.6256866203565726
ts,PMU_EXAMPLE_FAKE_092be9f8_f19f_11ec_ad61_30d042e819fe,pmu,pmc96,0.951602146676304
ts,PMU_EXAMPLE_FAKE_092be9f8_f19f_11ec_ad61_30d042e819fe,pmu,pmc98,0.6714376938001327
ts,PMU_EXAMPLE_FAKE_092be9f8_f19f_11ec_ad61_30d042e819fe,pmu,pmc99,0.8360606805622518
y,PMU_EXAMPLE_FAKE_092be9f8_f19f_11ec_ad61_30d042e819fe,pmu,pmc2,0.19030962408582316
y,PMU_EXAMPLE_FAKE_092be9f8_f19f_11ec_ad61_30d042e819fe,pmu,pmc37,0.23661666722009592
y,PMU_EXAMPLE_FAKE_092be9f8_f19f_11ec_ad61_30d042e819fe,pmu,pmc54,0.1219285894348913
y,PMU_EXAMPLE_FAKE_092be9f8_f19f_11ec_ad61_30d042e819fe,pmu,pmc80,0.31847783059266943
y,PMU_EXAMPLE_FAKE_092be9f8_f19f_11ec_ad61_30d042e819fe,pmu,pmc81,0.7768021492425486
y,PMU_EXAMPLE_FAKE_092be9f8_f19f_11ec_ad61_30d042e819fe,pmu,pmc83,0.5441030606678839
y,PMU_EXAMPLE_FAKE_092be9f8_f19f_11ec_ad61_30d042e819fe,pmu,pmc84,1.0
y,PMU_EXAMPLE_FAKE_092be9f8_f19f_11ec_ad61_30d042e819fe,pmu,pmc85,0.631668270723676
y,PMU_EXAMPLE_FAKE_092be9f8_f19f_11ec_ad61_30d042e819fe,pmu,pmc86,0.7650018686959219
y,PMU_EXAMPLE_FAKE_092be9f8_f19f_11ec_ad61_30d042e819fe,pmu,pmc88,0.6216082372343066
y,PMU_EXAMPLE_FAKE_092be9f8_f19f_11ec_ad61_30d042e819fe,pmu,pmc9,0.6923667465685396
y,PMU_EXAMPLE_FAKE_092be9f8_f19f_11ec_ad61_30d042e819fe,pmu,pmc90,0.557424302160539
y,PMU_EXAMPLE_FAKE_092be9f8_f19f_11ec_ad61_30d042e819fe,pmu,pmc91,0.6793703380864564
y,PMU_EXAMPLE_FAKE_092be9f8_f19f_11ec_ad61_30d042e819fe,pmu,pmc92,0.663198431966964
y,PMU_EXAMPLE_FAKE_092be9f8_f19f_11ec_ad61_30d042e819fe,pmu,pmc93,0.6847775099680246
y,PMU_EXAMPLE_FAKE_092be9f8_f19f_11ec_ad61_30d042e819fe,pmu,pmc94,0.451174178386605
y,PMU_EXAMPLE_FAKE_092be9f8_f19f_11ec_ad61_30d042e819fe,pmu,pmc95,0.5655396709762777
y,PMU_EXAMPLE_FAKE_092be9f8_f19f_11ec_ad61_30d042e819fe,pmu,pmc96,0.6231492234018623
y,PMU_EXAMPLE_FAKE_092be9f8_f19f_11ec_ad61_30d042e819fe,pmu,pmc97,0.579646876463507
y,PMU_EXAMPLE_FAKE_092be9f8_f19f_11ec_ad61_30d042e819fe,pmu,pmc98,0.7705648968388411
y,PMU_EXAMPLE_FAKE_092be9f8_f19f_11ec_ad61_30d042e819fe,pmu,pmc99,0.5778899522763029
y,PMU_EXAMPLE_FAKE_092be9f8_f19f_11ec_ad61_30d042e819fe,pmu,pmc53,0.08067855815572753
y,PMU_EXAMPLE_FAKE_092be9f8_f19f_11ec_ad61_30d042e819fe,pmu,pmc81,0.8237065761126492
y,PMU_EXAMPLE_FAKE_092be9f8_f19f_11ec_ad61_30d042e819fe,pmu,pmc83,0.9614284238311629
y,PMU_EXAMPLE_FAKE_092be9f8_f19f_11ec_ad61_30d042e819fe,pmu,pmc84,0.7900093662439219
y,PMU_EXAMPLE_FAKE_092be9f8_f19f_11ec_ad61_30d042e819fe,pmu,pmc85,0.7086034023289974
y,PMU_EXAMPLE_FAKE_092be9f8_f19f_11ec_ad61_30d042e819fe,pmu,pmc86,0.9932621561473735
y,PMU_EXAMPLE_FAKE_092be9f8_f19f_11ec_ad61_30d042e819fe,pmu,pmc88,0.865229350514011
y,PMU_EXAMPLE_FAKE_092be9f8_f19f_11ec_ad61_30d042e819fe,pmu,pmc89,1.0
y,PMU_EXAMPLE_FAKE_092be9f8_f19f_11ec_ad61_30d042e819fe,pmu,pmc90,0.8829964610329952
y,PMU_EXAMPLE_FAKE_092be9f8_f19f_11ec_ad61_30d042e819fe,pmu,pmc91,0.9645484146619259
y,PMU_EXAMPLE_FAKE_092be9f8_f19f_11ec_ad61_30d042e819fe,pmu,pmc92,0.6348337832022323
y,PMU_EXAMPLE_FAKE_092be9f8_f19f_11ec_ad61_30d042e819fe,pmu,pmc94,0.5817498697959269
y,PMU_EXAMPLE_FAKE_092be9f8_f19f_11ec_ad61_30d042e819fe,pmu,pmc95,0.6787458760099135
y,PMU_EXAMPLE_FAKE_092be9f8_f19f_11ec_ad61_30d042e819fe,pmu,pmc96,0.9491793540091633
y,PMU_EXAMPLE_FAKE_092be9f8_f19f_11ec_ad61_30d042e819fe,pmu,pmc97,0.6574462066266081
y,PMU_EXAMPLE_FAKE_092be9f8_f19f_11ec_ad61_30d042e819fe,pmu,pmc98,0.6361444332842525
y,PMU_EXAMPLE_FAKE_092be9f8_f19f_11ec_ad61_30d042e819fe,pmu,pmc99,0.6099496426316902
y,PMU_EXAMPLE_FAKE_092be9f8_f19f_11ec_ad61_30d042e819fe,pmu,pmc59,0.05199385948302397
y,PMU_EXAMPLE_FAKE_092be9f8_f19f_11ec_ad61_30d042e819fe,pmu,pmc68,0.17767774878467457
y,PMU_EXAMPLE_FAKE_092be9f8_f19f_11ec_ad61_30d042e819fe,pmu,pmc81,0.8504979980233625
y,PMU_EXAMPLE_FAKE_092be9f8_f19f_11ec_ad61_30d042e819fe,pmu,pmc82,0.5932295534290494
y,PMU_EXAMPLE_FAKE_092be9f8_f19f_11ec_ad61_30d042e819fe,pmu,pmc83,0.6907967955490949
y,PMU_EXAMPLE_FAKE_092be9f8_f19f_11ec_ad61_30d042e819fe,pmu,pmc84,0.9967948358556193
y,PMU_EXAMPLE_FAKE_092be9f8_f19f_11ec_ad61_30d042e819fe,pmu,pmc85,0.8127736281680324
y,PMU_EXAMPLE_FAKE_092be9f8_f19f_11ec_ad61_30d042e819fe,pmu,pmc86,0.7088536153993599
y,PMU_EXAMPLE_FAKE_092be9f8_f19f_11ec_ad61_30d042e819fe,pmu,pmc87,1.0
y,PMU_EXAMPLE_FAKE_092be9f8_f19f_11ec_ad61_30d042e819fe,pmu,pmc88,0.5564192421855308
y,PMU_EXAMPLE_FAKE_092be9f8_f19f_11ec_ad61_30d042e819fe,pmu,pmc89,0.5731837833991351
y,PMU_EXAMPLE_FAKE_092be9f8_f19f_11ec_ad61_30d042e819fe,pmu,pmc9,0.6535296823051852
y,PMU_EXAMPLE_FAKE_092be9f8_f19f_11ec_ad61_30d042e819fe,pmu,pmc90,0.6763141970059721
y,PMU_EXAMPLE_FAKE_092be9f8_f19f_11ec_ad61_30d042e819fe,pmu,pmc91,0.807339661927592
y,PMU_EXAMPLE_FAKE_092be9f8_f19f_11ec_ad61_30d042e819fe,pmu,pmc92,0.7277356509873755
y,PMU_EXAMPLE_FAKE_092be9f8_f19f_11ec_ad61_30d042e819fe,pmu,pmc93,0.4884613158895554
y,PMU_EXAMPLE_FAKE_092be9f8_f19f_11ec_ad61_30d042e819fe,pmu,pmc94,0.7563638242227356
y,PMU_EXAMPLE_FAKE_092be9f8_f19f_11ec_ad61_30d042e819fe,pmu,pmc95,0.8187652820045495
y,PMU_EXAMPLE_FAKE_092be9f8_f19f_11ec_ad61_30d042e819fe,pmu,pmc96,0.7709953298379395
y,PMU_EXAMPLE_FAKE_092be9f8_f19f_11ec_ad61_30d042e819fe,pmu,pmc97,0.6555897495800828
y,PMU_EXAMPLE_FAKE_092be9f8_f19f_11ec_ad61_30d042e819fe,pmu,pmc98,0.5392847689335618
y,PMU_EXAMPLE_FAKE_092be9f8_f19f_11ec_ad61_30d042e819fe,pmu,pmc99,0.828562340092416
y,PMU_EXAMPLE_FAKE_092be9f8_f19f_11ec_ad61_30d042e819fe,pmu,pmc42,0.2730570999288679
y,PMU_EXAMPLE_FAKE_092be9f8_f19f_11ec_ad61_30d042e819fe,pmu,pmc81,0.8117836291230163
y,PMU_EXAMPLE_FAKE_092be9f8_f19f_11ec_ad61_30d042e819fe,pmu,pmc82,0.7950862438245285
y,PMU_EXAMPLE_FAKE_092be9f8_f19f_11ec_ad61_30d042e819fe,pmu,pmc83,0.7930042490874237
y,PMU_EXAMPLE_FAKE_092be9f8_f19f_11ec_ad61_30d042e819fe,pmu,pmc84,0.5496303600310032
y,PMU_EXAMPLE_FAKE_092be9f8_f19f_11ec_ad61_30d042e819fe,pmu,pmc85,1.0
y,PMU_EXAMPLE_FAKE_092be9f8_f19f_11ec_ad61_30d042e819fe,pmu,pmc86,0.8285254667224937
y,PMU_EXAMPLE_FAKE_092be9f8_f19f_11ec_ad61_30d042e819fe,pmu,pmc87,0.5625505408346232
y,PMU_EXAMPLE_FAKE_092be9f8_f19f_11ec_ad61_30d042e819fe,pmu,pmc88,0.8865489580148329
y,PMU_EXAMPLE_FAKE_092be9f8_f19f_11ec_ad61_30d042e819fe,pmu,pmc89,0.5958507972351162
y,PMU_EXAMPLE_FAKE_092be9f8_f19f_11ec_ad61_30d042e819fe,pmu,pmc9,0.7404807312849327
y,PMU_EXAMPLE_FAKE_092be9f8_f19f_11ec_ad61_30d042e819fe,pmu,pmc90,0.6447618878782727
y,PMU_EXAMPLE_FAKE_092be9f8_f19f_11ec_ad61_30d042e819fe,pmu,pmc91,0.7473152603552536
y,PMU_EXAMPLE_FAKE_092be9f8_f19f_11ec_ad61_30d042e819fe,pmu,pmc92,0.8022414122480658
y,PMU_EXAMPLE_FAKE_092be9f8_f19f_11ec_ad61_30d042e819fe,pmu,pmc93,0.8363725623705002
y,PMU_EXAMPLE_FAKE_092be9f8_f19f_11ec_ad61_30d042e819fe,pmu,pmc95,0.8001630364008299
y,PMU_EXAMPLE_FAKE_092be9f8_f19f_11ec_ad61_30d042e819fe,pmu,pmc96,0.5356239806632955
y,PMU_EXAMPLE_FAKE_092be9f8_f19f_11ec_ad61_30d042e819fe,pmu,pmc97,0.49881319234200394
y,PMU_EXAMPLE_FAKE_092be9f8_f19f_11ec_ad61_30d042e819fe,pmu,pmc98,0.8174303352627718
y,PMU_EXAMPLE_FAKE_092be9f8_f19f_11ec_ad61_30d042e819fe,pmu,pmc99,0.4889179850523112
y,PMU_EXAMPLE_FAKE_092be9f8_f19f_11ec_ad61_30d042e819fe,pmu,pmc1,0.8397410020364103
y,PMU_EXAMPLE_FAKE_092be9f8_f19f_11ec_ad61_30d042e819fe,pmu,pmc10,0.23823736136152113
y,PMU_EXAMPLE_FAKE_092be9f8_f19f_11ec_ad61_30d042e819fe,pmu,pmc11,0.10949532323979067
y,PMU_EXAMPLE_FAKE_092be9f8_f19f_11ec_ad61_30d042e819fe,pmu,pmc12,0.19342246503065666
y,PMU_EXAMPLE_FAKE_092be9f8_f19f_11ec_ad61_30d042e819fe,pmu,pmc13,0.019652542175242725
y,PMU_EXAMPLE_FAKE_092be9f8_f19f_11ec_ad61_30d042e819fe,pmu,pmc14,0.07047768274865747
y,PMU_EXAMPLE_FAKE_092be9f8_f19f_11ec_ad61_30d042e819fe,pmu,pmc15,0.09787034603359042
y,PMU_EXAMPLE_FAKE_092be9f8_f19f_11ec_ad61_30d042e819fe,pmu,pmc16,0.5468699070306334
y,PMU_EXAMPLE_FAKE_092be9f8_f19f_11ec_ad61_30d042e819fe,pmu,pmc18,0.0022429535983059076
y,PMU_EXAMPLE_FAKE_092be9f8_f19f_11ec_ad61_30d042e819fe,pmu,pmc19,0.009291825506207661
y,PMU_EXAMPLE_FAKE_092be9f8_f19f_11ec_ad61_30d042e819fe,pmu,pmc2,0.5718526025129356
y,PMU_EXAMPLE_FAKE_092be9f8_f19f_11ec_ad61_30d042e819fe,pmu,pmc20,0.019319969823654283
y,PMU_EXAMPLE_FAKE_092be9f8_f19f_11ec_ad61_30d042e819fe,pmu,pmc25,0.6640785185590078
y,PMU_EXAMPLE_FAKE_092be9f8_f19f_11ec_ad61_30d042e819fe,pmu,pmc26,0.039804481243137825
y,PMU_EXAMPLE_FAKE_092be9f8_f19f_11ec_ad61_30d042e819fe,pmu,pmc27,0.09284719982388959
y,PMU_EXAMPLE_FAKE_092be9f8_f19f_11ec_ad61_30d042e819fe,pmu,pmc3,0.03626889931348698
y,PMU_EXAMPLE_FAKE_092be9f8_f19f_11ec_ad61_30d042e819fe,pmu,pmc30,1.0
y,PMU_EXAMPLE_FAKE_092be9f8_f19f_11ec_ad61_30d042e819fe,pmu,pmc31,0.05688163330183956
y,PMU_EXAMPLE_FAKE_092be9f8_f19f_11ec_ad61_30d042e819fe,pmu,pmc32,0.19851013517349078
y,PMU_EXAMPLE_FAKE_092be9f8_f19f_11ec_ad61_30d042e819fe,pmu,pmc33,0.044764931649501155
y,PMU_EXAMPLE_FAKE_092be9f8_f19f_11ec_ad61_30d042e819fe,pmu,pmc36,0.5110968312054924
y,PMU_EXAMPLE_FAKE_092be9f8_f19f_11ec_ad61_30d042e819fe,pmu,pmc4,0.016289920670998496
y,PMU_EXAMPLE_FAKE_092be9f8_f19f_11ec_ad61_30d042e819fe,pmu,pmc41,0.3660869488192396
y,PMU_EXAMPLE_FAKE_092be9f8_f19f_11ec_ad61_30d042e819fe,pmu,pmc42,0.010718441988268549
y,PMU_EXAMPLE_FAKE_092be9f8_f19f_11ec_ad61_30d042e819fe,pmu,pmc43,0.0028539491570858536
y,PMU_EXAMPLE_FAKE_092be9f8_f19f_11ec_ad61_30d042e819fe,pmu,pmc44,0.07355777109031388
y,PMU_EXAMPLE_FAKE_092be9f8_f19f_11ec_ad61_30d042e819fe,pmu,pmc45,0.02980626207905685
y,PMU_EXAMPLE_FAKE_092be9f8_f19f_11ec_ad61_30d042e819fe,pmu,pmc47,0.0060411553188563566
y,PMU_EXAMPLE_FAKE_092be9f8_f19f_11ec_ad61_30d042e819fe,pmu,pmc48,0.3078487020272122
y,PMU_EXAMPLE_FAKE_092be9f8_f19f_11ec_ad61_30d042e819fe,pmu,pmc49,0.061184513519126627
y,PMU_EXAMPLE_FAKE_092be9f8_f19f_11ec_ad61_30d042e819fe,pmu,pmc5,0.019356994075596948
y,PMU_EXAMPLE_FAKE_092be9f8_f19f_11ec_ad61_30d042e819fe,pmu,pmc52,0.12589194559587588
y,PMU_EXAMPLE_FAKE_092be9f8_f19f_11ec_ad61_30d042e819fe,pmu,pmc53,0.07075276980036935
y,PMU_EXAMPLE_FAKE_092be9f8_f19f_11ec_ad61_30d042e819fe,pmu,pmc55,0.4934461540839174
y,PMU_EXAMPLE_FAKE_092be9f8_f19f_11ec_ad61_30d042e819fe,pmu,pmc56,0.004249343091757836
y,PMU_EXAMPLE_FAKE_092be9f8_f19f_11ec_ad61_30d042e819fe,pmu,pmc58,0.019451901401571055
y,PMU_EXAMPLE_FAKE_092be9f8_f19f_11ec_ad61_30d042e819fe,pmu,pmc59,0.2450343403747195
y,PMU_EXAMPLE_FAKE_092be9f8_f19f_11ec_ad61_30d042e819fe,pmu,pmc6,0.5006155192750776
y,PMU_EXAMPLE_FAKE_092be9f8_f19f_11ec_ad61_30d042e819fe,pmu,pmc61,0.7335693721259317
y,PMU_EXAMPLE_FAKE_092be9f8_f19f_11ec_ad61_30d042e819fe,pmu,pmc62,0.006814907243458548
y,PMU_EXAMPLE_FAKE_092be9f8_f19f_11ec_ad61_30d042e819fe,pmu,pmc66,0.11279642686767405
y,PMU_EXAMPLE_FAKE_092be9f8_f19f_11ec_ad61_30d042e819fe,pmu,pmc67,0.02395163977004091
y,PMU_EXAMPLE_FAKE_092be9f8_f19f_11ec_ad61_30d042e819fe,pmu,pmc68,0.014826605722237733
y,PMU_EXAMPLE_FAKE_092be9f8_f19f_11ec_ad61_30d042e819fe,pmu,pmc69,0.06663882217752412
y,PMU_EXAMPLE_FAKE_092be9f8_f19f_11ec_ad61_30d042e819fe,pmu,pmc7,0.007204780292522404
y,PMU_EXAMPLE_FAKE_092be9f8_f19f_11ec_ad61_30d042e819fe,pmu,pmc70,0.009781119846204315
y,PMU_EXAMPLE_FAKE_092be9f8_f19f_11ec_ad61_30d042e819fe,pmu,pmc72,0.005033030254593821
y,PMU_EXAMPLE_FAKE_092be9f8_f19f_11ec_ad61_30d042e819fe,pmu,pmc73,0.010793075965816072
y,PMU_EXAMPLE_FAKE_092be9f8_f19f_11ec_ad61_30d042e819fe,pmu,pmc77,0.010242454448175762
y,PMU_EXAMPLE_FAKE_092be9f8_f19f_11ec_ad61_30d042e819fe,pmu,pmc81,0.22097031211276022
y,PMU_EXAMPLE_FAKE_092be9f8_f19f_11ec_ad61_30d042e819fe,pmu,pmc82,0.013883123905283496
y,PMU_EXAMPLE_FAKE_092be9f8_f19f_11ec_ad61_30d042e819fe,pmu,pmc83,0.0023359359149254504
y,PMU_EXAMPLE_FAKE_092be9f8_f19f_11ec_ad61_30d042e819fe,pmu,pmc84,0.3457941983374997
y,PMU_EXAMPLE_FAKE_092be9f8_f19f_11ec_ad61_30d042e819fe,pmu,pmc85,0.07998211390595024
y,PMU_EXAMPLE_FAKE_092be9f8_f19f_11ec_ad61_30d042e819fe,pmu,pmc86,0.005429015225699974
y,PMU_EXAMPLE_FAKE_092be9f8_f19f_11ec_ad61_30d042e819fe,pmu,pmc89,0.21003984473278436
y,PMU_EXAMPLE_FAKE_092be9f8_f19f_11ec_ad61_30d042e819fe,pmu,pmc9,0.005631992920218483
y,PMU_EXAMPLE_FAKE_092be9f8_f19f_11ec_ad61_30d042e819fe,pmu,pmc90,0.05835197997321009
y,PMU_EXAMPLE_FAKE_092be9f8_f19f_11ec_ad61_30d042e819fe,pmu,pmc91,0.050005683036973614
y,PMU_EXAMPLE_FAKE_092be9f8_f19f_11ec_ad61_30d042e819fe,pmu,pmc94,0.018172744754067653
y,PMU_EXAMPLE_FAKE_092be9f8_f19f_11ec_ad61_30d042e819fe,pmu,pmc97,0.15946382918693786
y,PMU_EXAMPLE_FAKE_092be9f8_f19f_11ec_ad61_30d042e819fe,pmu,pmc0,0.003838166878319657
y,PMU_EXAMPLE_FAKE_092be9f8_f19f_11ec_ad61_30d042e819fe,pmu,pmc1,0.9555438692403425
y,PMU_EXAMPLE_FAKE_092be9f8_f19f_11ec_ad61_30d042e819fe,pmu,pmc10,0.24348792565984478
y,PMU_EXAMPLE_FAKE_092be9f8_f19f_11ec_ad61_30d042e819fe,pmu,pmc11,0.13974871827132385
y,PMU_EXAMPLE_FAKE_092be9f8_f19f_11ec_ad61_30d042e819fe,pmu,pmc12,0.24076145633785984
y,PMU_EXAMPLE_FAKE_092be9f8_f19f_11ec_ad61_30d042e819fe,pmu,pmc13,0.01979531418524562
y,PMU_EXAMPLE_FAKE_092be9f8_f19f_11ec_ad61_30d042e819fe,pmu,pmc14,0.047993391183329334
y,PMU_EXAMPLE_FAKE_092be9f8_f19f_11ec_ad61_30d042e819fe,pmu,pmc15,0.11010122515712137
y,PMU_EXAMPLE_FAKE_092be9f8_f19f_11ec_ad61_30d042e819fe,pmu,pmc16,0.7654030312222347
y,PMU_EXAMPLE_FAKE_092be9f8_f19f_11ec_ad61_30d042e819fe,pmu,pmc18,0.0013468556936372985
y,PMU_EXAMPLE_FAKE_092be9f8_f19f_11ec_ad61_30d042e819fe,pmu,pmc19,0.008765828265332279
y,PMU_EXAMPLE_FAKE_092be9f8_f19f_11ec_ad61_30d042e819fe,pmu,pmc2,0.7418682972425091
y,PMU_EXAMPLE_FAKE_092be9f8_f19f_11ec_ad61_30d042e819fe,pmu,pmc20,0.03004550786484184
y,PMU_EXAMPLE_FAKE_092be9f8_f19f_11ec_ad61_30d042e819fe,pmu,pmc25,0.6316157632042919
y,PMU_EXAMPLE_FAKE_092be9f8_f19f_11ec_ad61_30d042e819fe,pmu,pmc26,0.042434231691184335
y,PMU_EXAMPLE_FAKE_092be9f8_f19f_11ec_ad61_30d042e819fe,pmu,pmc27,0.08117058990076013
y,PMU_EXAMPLE_FAKE_092be9f8_f19f_11ec_ad61_30d042e819fe,pmu,pmc3,0.043625516587323734
y,PMU_EXAMPLE_FAKE_092be9f8_f19f_11ec_ad61_30d042e819fe,pmu,pmc30,1.0
y,PMU_EXAMPLE_FAKE_092be9f8_f19f_11ec_ad61_30d042e819fe,pmu,pmc31,0.07751893361683579
y,PMU_EXAMPLE_FAKE_092be9f8_f19f_11ec_ad61_30d042e819fe,pmu,pmc32,0.13947235523642187
y,PMU_EXAMPLE_FAKE_092be9f8_f19f_11ec_ad61_30d042e819fe,pmu,pmc33,0.06341217764025495
y,PMU_EXAMPLE_FAKE_092be9f8_f19f_11ec_ad61_30d042e819fe,pmu,pmc36,0.6306543686594659
y,PMU_EXAMPLE_FAKE_092be9f8_f19f_11ec_ad61_30d042e819fe,pmu,pmc4,0.004537773116786862
y,PMU_EXAMPLE_FAKE_092be9f8_f19f_11ec_ad61_30d042e819fe,pmu,pmc41,0.3852930292733288
y,PMU_EXAMPLE_FAKE_092be9f8_f19f_11ec_ad61_30d042e819fe,pmu,pmc42,0.020674608235417263
y,PMU_EXAMPLE_FAKE_092be9f8_f19f_11ec_ad61_30d042e819fe,pmu,pmc43,0.006408418854090898
y,PMU_EXAMPLE_FAKE_092be9f8_f19f_11ec_ad61_30d042e819fe,pmu,pmc44,0.12456769818186092
y,PMU_EXAMPLE_FAKE_092be9f8_f19f_11ec_ad61_30d042e819fe,pmu,pmc45,0.04484042081593334
y,PMU_EXAMPLE_FAKE_092be9f8_f19f_11ec_ad61_30d042e819fe,pmu,pmc46,0.003684348249039633
y,PMU_EXAMPLE_FAKE_092be9f8_f19f_11ec_ad61_30d042e819fe,pmu,pmc47,0.02093089766149059
y,PMU_EXAMPLE_FAKE_092be9f8_f19f_11ec_ad61_30d042e819fe,pmu,pmc48,0.45591046261680707
y,PMU_EXAMPLE_FAKE_092be9f8_f19f_11ec_ad61_30d042e819fe,pmu,pmc49,0.07691725988461201
y,PMU_EXAMPLE_FAKE_092be9f8_f19f_11ec_ad61_30d042e819fe,pmu,pmc52,0.19785827948144935
y,PMU_EXAMPLE_FAKE_092be9f8_f19f_11ec_ad61_30d042e819fe,pmu,pmc53,0.052988391698872275
y,PMU_EXAMPLE_FAKE_092be9f8_f19f_11ec_ad61_30d042e819fe,pmu,pmc55,0.3852993351477884
y,PMU_EXAMPLE_FAKE_092be9f8_f19f_11ec_ad61_30d042e819fe,pmu,pmc56,0.004383497097224579
y,PMU_EXAMPLE_FAKE_092be9f8_f19f_11ec_ad61_30d042e819fe,pmu,pmc59,0.21167189951128645
y,PMU_EXAMPLE_FAKE_092be9f8_f19f_11ec_ad61_30d042e819fe,pmu,pmc6,0.7353864546836236
y,PMU_EXAMPLE_FAKE_092be9f8_f19f_11ec_ad61_30d042e819fe,pmu,pmc61,0.9326322641395499
y,PMU_EXAMPLE_FAKE_092be9f8_f19f_11ec_ad61_30d042e819fe,pmu,pmc62,0.027467833989813815
y,PMU_EXAMPLE_FAKE_092be9f8_f19f_11ec_ad61_30d042e819fe,pmu,pmc66,0.11728310353078025
y,PMU_EXAMPLE_FAKE_092be9f8_f19f_11ec_ad61_30d042e819fe,pmu,pmc67,0.03297920668216473
y,PMU_EXAMPLE_FAKE_092be9f8_f19f_11ec_ad61_30d042e819fe,pmu,pmc68,0.01985528360749867
y,PMU_EXAMPLE_FAKE_092be9f8_f19f_11ec_ad61_30d042e819fe,pmu,pmc69,0.13713747607294074
y,PMU_EXAMPLE_FAKE_092be9f8_f19f_11ec_ad61_30d042e819fe,pmu,pmc70,0.03414712735762557
y,PMU_EXAMPLE_FAKE_092be9f8_f19f_11ec_ad61_30d042e819fe,pmu,pmc72,0.01777853999860651
y,PMU_EXAMPLE_FAKE_092be9f8_f19f_11ec_ad61_30d042e819fe,pmu,pmc73,0.02756996512280109
y,PMU_EXAMPLE_FAKE_092be9f8_f19f_11ec_ad61_30d042e819fe,pmu,pmc77,0.0241846998972408
y,PMU_EXAMPLE_FAKE_092be9f8_f19f_11ec_ad61_30d042e819fe,pmu,pmc79,0.006752483797882669
y,PMU_EXAMPLE_FAKE_092be9f8_f19f_11ec_ad61_30d042e819fe,pmu,pmc81,0.3877681932409393
y,PMU_EXAMPLE_FAKE_092be9f8_f19f_11ec_ad61_30d042e819fe,pmu,pmc82,0.01576088103111058
y,PMU_EXAMPLE_FAKE_092be9f8_f19f_11ec_ad61_30d042e819fe,pmu,pmc84,0.4304285172927578
y,PMU_EXAMPLE_FAKE_092be9f8_f19f_11ec_ad61_30d042e819fe,pmu,pmc85,0.12379078534604693
y,PMU_EXAMPLE_FAKE_092be9f8_f19f_11ec_ad61_30d042e819fe,pmu,pmc86,0.041311532471920695
y,PMU_EXAMPLE_FAKE_092be9f8_f19f_11ec_ad61_30d042e819fe,pmu,pmc89,0.2338932161747326
y,PMU_EXAMPLE_FAKE_092be9f8_f19f_11ec_ad61_30d042e819fe,pmu,pmc9,0.005250300410597996
y,PMU_EXAMPLE_FAKE_092be9f8_f19f_11ec_ad61_30d042e819fe,pmu,pmc90,0.05881720921378111
y,PMU_EXAMPLE_FAKE_092be9f8_f19f_11ec_ad61_30d042e819fe,pmu,pmc91,0.033582493931013174
y,PMU_EXAMPLE_FAKE_092be9f8_f19f_11ec_ad61_30d042e819fe,pmu,pmc94,0.014266720895785892
y,PMU_EXAMPLE_FAKE_092be9f8_f19f_11ec_ad61_30d042e819fe,pmu,pmc96,0.009251364296107477
y,PMU_EXAMPLE_FAKE_092be9f8_f19f_11ec_ad61_30d042e819fe,pmu,pmc97,0.18786502040360176
y,PMU_EXAMPLE_FAKE_092be9f8_f19f_11ec_ad61_30d042e819fe,pmu,pmc0,0.0034046462782098908
y,PMU_EXAMPLE_FAKE_092be9f8_f19f_11ec_ad61_30d042e819fe,pmu,pmc1,0.8409647125387468
y,PMU_EXAMPLE_FAKE_092be9f8_f19f_11ec_ad61_30d042e819fe,pmu,pmc10,0.23168196689562068
y,PMU_EXAMPLE_FAKE_092be9f8_f19f_11ec_ad61_30d042e819fe,pmu,pmc11,0.18546675407416563
y,PMU_EXAMPLE_FAKE_092be9f8_f19f_11ec_ad61_30d042e819fe,pmu,pmc12,0.16435984841597903
y,PMU_EXAMPLE_FAKE_092be9f8_f19f_11ec_ad61_30d042e819fe,pmu,pmc13,0.015494162197733906
y,PMU_EXAMPLE_FAKE_092be9f8_f19f_11ec_ad61_30d042e819fe,pmu,pmc14,0.09907062363454976
y,PMU_EXAMPLE_FAKE_092be9f8_f19f_11ec_ad61_30d042e819fe,pmu,pmc15,0.1146622951641848
y,PMU_EXAMPLE_FAKE_092be9f8_f19f_11ec_ad61_30d042e819fe,pmu,pmc16,0.5614543542709581
y,PMU_EXAMPLE_FAKE_092be9f8_f19f_11ec_ad61_30d042e819fe,pmu,pmc19,0.026613702808022516
y,PMU_EXAMPLE_FAKE_092be9f8_f19f_11ec_ad61_30d042e819fe,pmu,pmc2,0.6296497359937611
y,PMU_EXAMPLE_FAKE_092be9f8_f19f_11ec_ad61_30d042e819fe,pmu,pmc20,0.053042163623834966
y,PMU_EXAMPLE_FAKE_092be9f8_f19f_11ec_ad61_30d042e819fe,pmu,pmc23,0.00644400292843537
y,PMU_EXAMPLE_FAKE_092be9f8_f19f_11ec_ad61_30d042e819fe,pmu,pmc25,0.5571720827173758
y,PMU_EXAMPLE_FAKE_092be9f8_f19f_11ec_ad61_30d042e819fe,pmu,pmc26,0.024770421283207597
y,PMU_EXAMPLE_FAKE_092be9f8_f19f_11ec_ad61_30d042e819fe,pmu,pmc27,0.08267534696857928
y,PMU_EXAMPLE_FAKE_092be9f8_f19f_11ec_ad61_30d042e819fe,pmu,pmc3,0.061605298861845716
y,PMU_EXAMPLE_FAKE_092be9f8_f19f_11ec_ad61_30d042e819fe,pmu,pmc30,1.0
y,PMU_EXAMPLE_FAKE_092be9f8_f19f_11ec_ad61_30d042e819fe,pmu,pmc31,0.12284967025072047
y,PMU_EXAMPLE_FAKE_092be9f8_f19f_11ec_ad61_30d042e819fe,pmu,pmc32,0.11870735935784679
y,PMU_EXAMPLE_FAKE_092be9f8_f19f_11ec_ad61_30d042e819fe,pmu,pmc33,0.07325026988415168
y,PMU_EXAMPLE_FAKE_092be9f8_f19f_11ec_ad61_30d042e819fe,pmu,pmc36,0.46332072576561223
y,PMU_EXAMPLE_FAKE_092be9f8_f19f_11ec_ad61_30d042e819fe,pmu,pmc4,0.01076897755452367
y,PMU_EXAMPLE_FAKE_092be9f8_f19f_11ec_ad61_30d042e819fe,pmu,pmc41,0.3588055052346126
y,PMU_EXAMPLE_FAKE_092be9f8_f19f_11ec_ad61_30d042e819fe,pmu,pmc42,0.004969968250246606
y,PMU_EXAMPLE_FAKE_092be9f8_f19f_11ec_ad61_30d042e819fe,pmu,pmc43,0.0066555691005503225
y,PMU_EXAMPLE_FAKE_092be9f8_f19f_11ec_ad61_30d042e819fe,pmu,pmc44,0.07490325339148952
y,PMU_EXAMPLE_FAKE_092be9f8_f19f_11ec_ad61_30d042e819fe,pmu,pmc45,0.025402942640413147
y,PMU_EXAMPLE_FAKE_092be9f8_f19f_11ec_ad61_30d042e819fe,pmu,pmc48,0.3295778927652591
y,PMU_EXAMPLE_FAKE_092be9f8_f19f_11ec_ad61_30d042e819fe,pmu,pmc49,0.0649814611769044
y,PMU_EXAMPLE_FAKE_092be9f8_f19f_11ec_ad61_30d042e819fe,pmu,pmc5,0.005254894851616347
y,PMU_EXAMPLE_FAKE_092be9f8_f19f_11ec_ad61_30d042e819fe,pmu,pmc52,0.11215257562820823
y,PMU_EXAMPLE_FAKE_092be9f8_f19f_11ec_ad61_30d042e819fe,pmu,pmc53,0.03155719412669916
y,PMU_EXAMPLE_FAKE_092be9f8_f19f_11ec_ad61_30d042e819fe,pmu,pmc55,0.38421175286169146
y,PMU_EXAMPLE_FAKE_092be9f8_f19f_11ec_ad61_30d042e819fe,pmu,pmc56,0.009122317676232346
y,PMU_EXAMPLE_FAKE_092be9f8_f19f_11ec_ad61_30d042e819fe,pmu,pmc58,0.003245057322172596
y,PMU_EXAMPLE_FAKE_092be9f8_f19f_11ec_ad61_30d042e819fe,pmu,pmc59,0.2723679099391308
y,PMU_EXAMPLE_FAKE_092be9f8_f19f_11ec_ad61_30d042e819fe,pmu,pmc6,0.5185781992093123
y,PMU_EXAMPLE_FAKE_092be9f8_f19f_11ec_ad61_30d042e819fe,pmu,pmc61,0.7080035644110099
y,PMU_EXAMPLE_FAKE_092be9f8_f19f_11ec_ad61_30d042e819fe,pmu,pmc62,0.005185581452253537
y,PMU_EXAMPLE_FAKE_092be9f8_f19f_11ec_ad61_30d042e819fe,pmu,pmc65,0.002316764832715826
y,PMU_EXAMPLE_FAKE_092be9f8_f19f_11ec_ad61_30d042e819fe,pmu,pmc66,0.0640526636393771
y,PMU_EXAMPLE_FAKE_092be9f8_f19f_11ec_ad61_30d042e819fe,pmu,pmc67,0.025248350717818207
y,PMU_EXAMPLE_FAKE_092be9f8_f19f_11ec_ad61_30d042e819fe,pmu,pmc68,0.02748913778416728
y,PMU_EXAMPLE_FAKE_092be9f8_f19f_11ec_ad61_30d042e819fe,pmu,pmc69,0.1042188336590438
y,PMU_EXAMPLE_FAKE_092be9f8_f19f_11ec_ad61_30d042e819fe,pmu,pmc7,0.012022324089158515
y,PMU_EXAMPLE_FAKE_092be9f8_f19f_11ec_ad61_30d042e819fe,pmu,pmc72,0.0190074990201408
y,PMU_EXAMPLE_FAKE_092be9f8_f19f_11ec_ad61_30d042e819fe,pmu,pmc73,0.024843080956644288
y,PMU_EXAMPLE_FAKE_092be9f8_f19f_11ec_ad61_30d042e819fe,pmu,pmc77,0.04243881782971668
y,PMU_EXAMPLE_FAKE_092be9f8_f19f_11ec_ad61_30d042e819fe,pmu,pmc81,0.24234918049274032
y,PMU_EXAMPLE_FAKE_092be9f8_f19f_11ec_ad61_30d042e819fe,pmu,pmc82,0.029681898833459685
y,PMU_EXAMPLE_FAKE_092be9f8_f19f_11ec_ad61_30d042e819fe,pmu,pmc84,0.30879157067249363
y,PMU_EXAMPLE_FAKE_092be9f8_f19f_11ec_ad61_30d042e819fe,pmu,pmc85,0.1253247839878359
y,PMU_EXAMPLE_FAKE_092be9f8_f19f_11ec_ad61_30d042e819fe,pmu,pmc86,0.020255400663282908
y,PMU_EXAMPLE_FAKE_092be9f8_f19f_11ec_ad61_30d042e819fe,pmu,pmc89,0.2290784648280647
y,PMU_EXAMPLE_FAKE_092be9f8_f19f_11ec_ad61_30d042e819fe,pmu,pmc9,0.013606313272873661
y,PMU_EXAMPLE_FAKE_092be9f8_f19f_11ec_ad61_30d042e819fe,pmu,pmc90,0.06479021165854851
y,PMU_EXAMPLE_FAKE_092be9f8_f19f_11ec_ad61_30d042e819fe,pmu,pmc91,0.06665804447832951
y,PMU_EXAMPLE_FAKE_092be9f8_f19f_11ec_ad61_30d042e819fe,pmu,pmc94,0.024532740611094436
y,PMU_EXAMPLE_FAKE_092be9f8_f19f_11ec_ad61_30d042e819fe,pmu,pmc97,0.10975679547887025
y,PMU_EXAMPLE_FAKE_092be9f8_f19f_11ec_ad61_30d042e819fe,pmu,pmc98,0.003403303185787315
y,PMU_EXAMPLE_FAKE_092be9f8_f19f_11ec_ad61_30d042e819fe,pmu,pmc0,0.0033378110939743487
y,PMU_EXAMPLE_FAKE_092be9f8_f19f_11ec_ad61_30d042e819fe,pmu,pmc1,0.8318209976971289
y,PMU_EXAMPLE_FAKE_092be9f8_f19f_11ec_ad61_30d042e819fe,pmu,pmc10,0.2618314574244061
y,PMU_EXAMPLE_FAKE_092be9f8_f19f_11ec_ad61_30d042e819fe,pmu,pmc11,0.21671478001209124
y,PMU_EXAMPLE_FAKE_092be9f8_f19f_11ec_ad61_30d042e819fe,pmu,pmc12,0.15968819881955942
y,PMU_EXAMPLE_FAKE_092be9f8_f19f_11ec_ad61_30d042e819fe,pmu,pmc13,0.016619535375286137
y,PMU_EXAMPLE_FAKE_092be9f8_f19f_11ec_ad61_30d042e819fe,pmu,pmc14,0.08832655562117492
y,PMU_EXAMPLE_FAKE_092be9f8_f19f_11ec_ad61_30d042e819fe,pmu,pmc15,0.08352620611381317
y,PMU_EXAMPLE_FAKE_092be9f8_f19f_11ec_ad61_30d042e819fe,pmu,pmc16,0.43154724109412107
y,PMU_EXAMPLE_FAKE_092be9f8_f19f_11ec_ad61_30d042e819fe,pmu,pmc19,0.015939184214658012
y,PMU_EXAMPLE_FAKE_092be9f8_f19f_11ec_ad61_30d042e819fe,pmu,pmc2,0.6007455023791984
y,PMU_EXAMPLE_FAKE_092be9f8_f19f_11ec_ad61_30d042e819fe,pmu,pmc20,0.03033896640052472
y,PMU_EXAMPLE_FAKE_092be9f8_f19f_11ec_ad61_30d042e819fe,pmu,pmc25,0.6165085560288288
y,PMU_EXAMPLE_FAKE_092be9f8_f19f_11ec_ad61_30d042e819fe,pmu,pmc26,0.04130723276109499
y,PMU_EXAMPLE_FAKE_092be9f8_f19f_11ec_ad61_30d042e819fe,pmu,pmc27,0.08618657626191145
y,PMU_EXAMPLE_FAKE_092be9f8_f19f_11ec_ad61_30d042e819fe,pmu,pmc3,0.023982132209315814
y,PMU_EXAMPLE_FAKE_092be9f8_f19f_11ec_ad61_30d042e819fe,pmu,pmc30,1.0
y,PMU_EXAMPLE_FAKE_092be9f8_f19f_11ec_ad61_30d042e819fe,pmu,pmc31,0.06101517000173804
y,PMU_EXAMPLE_FAKE_092be9f8_f19f_11ec_ad61_30d042e819fe,pmu,pmc32,0.16111501247213403
y,PMU_EXAMPLE_FAKE_092be9f8_f19f_11ec_ad61_30d042e819fe,pmu,pmc33,0.09616625081264273
y,PMU_EXAMPLE_FAKE_092be9f8_f19f_11ec_ad61_30d042e819fe,pmu,pmc36,0.4868885286847547
y,PMU_EXAMPLE_FAKE_092be9f8_f19f_11ec_ad61_30d042e819fe,pmu,pmc38,0.004638339067965597
y,PMU_EXAMPLE_FAKE_092be9f8_f19f_11ec_ad61_30d042e819fe,pmu,pmc4,0.0039164102118991115
y,PMU_EXAMPLE_FAKE_092be9f8_f19f_11ec_ad61_30d042e819fe,pmu,pmc41,0.45198696064831617
y,PMU_EXAMPLE_FAKE_092be9f8_f19f_11ec_ad61_30d042e819fe,pmu,pmc42,0.009132788185031132
y,PMU_EXAMPLE_FAKE_092be9f8_f19f_11ec_ad61_30d042e819fe,pmu,pmc44,0.09635199856311243
y,PMU_EXAMPLE_FAKE_092be9f8_f19f_11ec_ad61_30d042e819fe,pmu,pmc45,0.02177514241327717
y,PMU_EXAMPLE_FAKE_092be9f8_f19f_11ec_ad61_30d042e819fe,pmu,pmc46,0.0019247087697326444
y,PMU_EXAMPLE_FAKE_092be9f8_f19f_11ec_ad61_30d042e819fe,pmu,pmc47,0.006169385159489162
y,PMU_EXAMPLE_FAKE_092be9f8_f19f_11ec_ad61_30d042e819fe,pmu,pmc48,0.2427110994752452
y,PMU_EXAMPLE_FAKE_092be9f8_f19f_11ec_ad61_30d042e819fe,pmu,pmc49,0.05201024890945634
y,PMU_EXAMPLE_FAKE_092be9f8_f19f_11ec_ad61_30d042e819fe,pmu,pmc5,0.004390149130736452
y,PMU_EXAMPLE_FAKE_092be9f8_f19f_11ec_ad61_30d042e819fe,pmu,pmc52,0.09705559016491684
y,PMU_EXAMPLE_FAKE_092be9f8_f19f_11ec_ad61_30d042e819fe,pmu,pmc53,0.039471291950111696
y,PMU_EXAMPLE_FAKE_092be9f8_f19f_11ec_ad61_30d042e819fe,pmu,pmc55,0.39634839759661766
y,PMU_EXAMPLE_FAKE_092be9f8_f19f_11ec_ad61_30d042e819fe,pmu,pmc56,0.00456375769003612
y,PMU_EXAMPLE_FAKE_092be9f8_f19f_11ec_ad61_30d042e819fe,pmu,pmc58,0.012397436798232405
y,PMU_EXAMPLE_FAKE_092be9f8_f19f_11ec_ad61_30d042e819fe,pmu,pmc59,0.2976776775425289
y,PMU_EXAMPLE_FAKE_092be9f8_f19f_11ec_ad61_30d042e819fe,pmu,pmc6,0.49602003759703817
y,PMU_EXAMPLE_FAKE_092be9f8_f19f_11ec_ad61_30d042e819fe,pmu,pmc61,0.6706196499715841
y,PMU_EXAMPLE_FAKE_092be9f8_f19f_11ec_ad61_30d042e819fe,pmu,pmc62,0.00359570577462221
y,PMU_EXAMPLE_FAKE_092be9f8_f19f_11ec_ad61_30d042e819fe,pmu,pmc66,0.09584414268232971
y,PMU_EXAMPLE_FAKE_092be9f8_f19f_11ec_ad61_30d042e819fe,pmu,pmc67,0.043130496014393095
y,PMU_EXAMPLE_FAKE_092be9f8_f19f_11ec_ad61_30d042e819fe,pmu,pmc68,0.017229271550575978
y,PMU_EXAMPLE_FAKE_092be9f8_f19f_11ec_ad61_30d042e819fe,pmu,pmc69,0.06653615125428415
y,PMU_EXAMPLE_FAKE_092be9f8_f19f_11ec_ad61_30d042e819fe,pmu,pmc7,0.0033376839740028867
y,PMU_EXAMPLE_FAKE_092be9f8_f19f_11ec_ad61_30d042e819fe,pmu,pmc70,0.01714571191046874
y,PMU_EXAMPLE_FAKE_092be9f8_f19f_11ec_ad61_30d042e819fe,pmu,pmc72,0.013221405225849664
y,PMU_EXAMPLE_FAKE_092be9f8_f19f_11ec_ad61_30d042e819fe,pmu,pmc73,0.008156546768018746
y,PMU_EXAMPLE_FAKE_092be9f8_f19f_11ec_ad61_30d042e819fe,pmu,pmc77,0.03405145374811296
y,PMU_EXAMPLE_FAKE_092be9f8_f19f_11ec_ad61_30d042e819fe,pmu,pmc79,0.009511043777145014
y,PMU_EXAMPLE_FAKE_092be9f8_f19f_11ec_ad61_30d042e819fe,pmu,pmc81,0.19259085865465636
y,PMU_EXAMPLE_FAKE_092be9f8_f19f_11ec_ad61_30d042e819fe,pmu,pmc82,0.02453084147158916
y,PMU_EXAMPLE_FAKE_092be9f8_f19f_11ec_ad61_30d042e819fe,pmu,pmc83,0.004520895638455763
y,PMU_EXAMPLE_FAKE_092be9f8_f19f_11ec_ad61_30d042e819fe,pmu,pmc84,0.27877281226173584
y,PMU_EXAMPLE_FAKE_092be9f8_f19f_11ec_ad61_30d042e819fe,pmu,pmc85,0.10810866579793826
y,PMU_EXAMPLE_FAKE_092be9f8_f19f_11ec_ad61_30d042e819fe,pmu,pmc89,0.2630748014468618
y,PMU_EXAMPLE_FAKE_092be9f8_f19f_11ec_ad61_30d042e819fe,pmu,pmc9,0.006301831861713521
y,PMU_EXAMPLE_FAKE_092be9f8_f19f_11ec_ad61_30d042e819fe,pmu,pmc90,0.0895165034857101
y,PMU_EXAMPLE_FAKE_092be9f8_f19f_11ec_ad61_30d042e819fe,pmu,pmc91,0.0684502537846047
y,PMU_EXAMPLE_FAKE_092be9f8_f19f_11ec_ad61_30d042e819fe,pmu,pmc94,0.028350257847754932
y,PMU_EXAMPLE_FAKE_092be9f8_f19f_11ec_ad61_30d042e819fe,pmu,pmc97,0.1206501939214472
